name,datetime,tempmax,tempmin,temp,feelslikemax,feelslikemin,feelslike,dew,humidity,precip,precipprob,precipcover,preciptype,snow,snowdepth,windgust,windspeed,winddir,sealevelpressure,cloudcover,visibility,solarradiation,solarenergy,uvindex,severerisk,sunrise,sunset,moonphase,conditions,description,icon,stations
Manchester,2001-08-01,23.6,10.2,17.4,23.6,10.2,17.4,11.6,70.2,0,0,0,,0,0,,14.3,215.6,1024.2,49.4,25.2,,,,,2001-08-01T05:24:33,2001-08-01T21:04:55,0.4,Partially cloudy,Partly cloudy throughout the day.,partly-cloudy-day,"03334099999,03318099999,03344099999,03323399999,03316099999,03321099999"
Manchester,2001-08-02,21.9,15.6,18.1,21.9,15.6,18.1,11.9,68.2,0.104,100,4.17,rain,0,0,,23.1,180.5,1012.5,87.8,18.4,,,,,2001-08-02T05:26:12,2001-08-02T21:03:07,0.44,"Rain, Partially cloudy",Partly cloudy throughout the day with late afternoon rain.,rain,"03334099999,03318099999,03344099999,03323399999,03316099999,03321099999"
Manchester,2001-08-03,17.8,13.8,16.1,17.8,13.8,16.1,13.1,83.1,1.927,100,8.33,rain,0,0,,20.4,270.4,1008.8,82.3,18.1,,,,,2001-08-03T05:27:51,2001-08-03T21:01:18,0.47,"Rain, Partially cloudy",Partly cloudy throughout the day with rain.,rain,"03334099999,03318099999,03344099999,03323399999,03316099999,03321099999"
Manchester,2001-08-04,17.9,11.1,14.1,17.9,11.1,14.1,10.8,81.3,3.243,100,12.5,rain,0,0,,16,205.7,1012.8,74.6,24.4,,,,,2001-08-04T05:29:32,2001-08-04T20:59:26,0.5,"Rain, Partially cloudy",Partly cloudy throughout the day with rain.,rain,"03334099999,03318099999,03344099999,03323399999,03316099999,03321099999"
Manchester,2001-08-05,19.2,10.9,14.9,19.2,10.9,14.9,10.4,76.9,1.225,100,8.33,rain,0,0,,19.9,262.5,1014,72.5,27.5,,,,,2001-08-05T05:31:13,2001-08-05T20:57:33,0.54,"Rain, Partially cloudy",Partly cloudy throughout the day with rain.,rain,"03334099999,03318099999,03344099999,03323399999,03316099999,03321099999"
Manchester,2001-08-06,16.6,12.4,14.3,16.6,12.4,14.3,12.9,91.4,10.236,100,12.5,rain,0,0,,16.6,40.1,1008.4,96.9,11.6,,,,,2001-08-06T05:32:54,2001-08-06T20:55:38,0.57,"Rain, Overcast",Cloudy skies throughout the day with rain.,rain,"03334099999,03318099999,03344099999,03323399999,03316099999,03321099999"
Manchester,2001-08-07,17.7,11.9,14.8,17.7,11.9,14.8,13.3,90.8,13.846,100,8.33,rain,0,0,,19.9,178.5,1001.7,83.2,14.1,,,,,2001-08-07T05:34:36,2001-08-07T20:53:42,0.61,"Rain, Partially cloudy",Partly cloudy throughout the day with rain.,rain,"03334099999,03318099999,03344099999,03323399999,03316099999,03321099999"
Manchester,2001-08-08,16.9,12.7,14.4,16.9,12.7,14.4,11.1,81.6,2.97,100,12.5,rain,0,0,,20.9,284.3,1001.1,80.6,25.4,,,,,2001-08-08T05:36:18,2001-08-08T20:51:44,0.64,"Rain, Partially cloudy",Partly cloudy throughout the day with a chance of rain throughout the day.,rain,"03334099999,03318099999,03344099999,03323399999,03316099999,03321099999"
Manchester,2001-08-09,17.6,11.5,14.3,17.6,11.5,14.3,9.8,75.7,1.298,100,12.5,rain,0,0,,22.1,289.3,1012.1,62.9,31.1,,,,,2001-08-09T05:38:00,2001-08-09T20:49:44,0.68,"Rain, Partially cloudy",Partly cloudy throughout the day with rain.,rain,"03334099999,03318099999,03344099999,03323399999,03316099999,03321099999"
Manchester,2001-08-10,18,10.2,14,18,10.2,14,8.5,70.7,0.876,100,4.17,rain,0,0,,24.1,282.7,1023.1,45.5,39.4,,,,,2001-08-10T05:39:43,2001-08-10T20:47:43,0.71,"Rain, Partially cloudy",Partly cloudy throughout the day with early morning rain.,rain,"03334099999,03318099999,03344099999,03323399999,03316099999,03321099999"
Manchester,2001-08-11,20.2,11.6,16,20.2,11.6,16,13.4,84.7,0.408,100,4.17,rain,0,0,,42.5,199.5,1020.4,89.8,24.5,,,,,2001-08-11T05:41:26,2001-08-11T20:45:41,0.74,"Rain, Partially cloudy",Partly cloudy throughout the day with late afternoon rain.,rain,"03334099999,03318099999,03344099999,03323399999,03316099999,03321099999"
Manchester,2001-08-12,18.7,16.3,17.3,18.7,16.3,17.3,15.8,91.4,6.986,100,12.5,rain,0,0,,23.9,216.1,1012.3,96.4,17.7,,,,,2001-08-12T05:43:10,2001-08-12T20:43:37,0.75,"Rain, Overcast",Cloudy skies throughout the day with rain.,rain,"03334099999,03318099999,03344099999,03323399999,03316099999,03321099999"
Manchester,2001-08-13,21.3,16.9,19.2,21.3,16.9,19.2,16.6,85.2,0.823,100,8.33,rain,0,0,,24.8,210.7,1009.7,90.1,20.3,,,,,2001-08-13T05:44:54,2001-08-13T20:41:32,0.81,"Rain, Overcast",Cloudy skies throughout the day with rain.,rain,"03334099999,03318099999,03344099999,03323399999,03316099999,03321099999"
Manchester,2001-08-14,24.1,16.7,20.2,24.1,16.7,20.2,15.4,75.5,0,0,0,,0,0,,26,186.1,1010.6,50.3,18.6,,,,,2001-08-14T05:46:37,2001-08-14T20:39:26,0.84,Partially cloudy,Partly cloudy throughout the day.,partly-cloudy-day,"03334099999,03318099999,03344099999,03323399999,03316099999,03321099999"
Manchester,2001-08-15,23.5,15.9,19.7,23.5,15.9,19.7,15.5,77.6,0.211,100,8.33,rain,0,0,,17.5,287.5,1009.5,79.4,18,,,,,2001-08-15T05:48:21,2001-08-15T20:37:19,0.88,"Rain, Partially cloudy",Partly cloudy throughout the day with rain in the morning and afternoon.,rain,"03334099999,03318099999,03344099999,03323399999,03316099999,03321099999"
Manchester,2001-08-16,19.2,13.4,16.1,19.2,13.4,16.1,12.9,82.4,8.812,100,16.67,rain,0,0,,19.9,265.4,1010.9,74.6,19.8,,,,,2001-08-16T05:50:06,2001-08-16T20:35:10,0.91,"Rain, Partially cloudy",Partly cloudy throughout the day with a chance of rain throughout the day.,rain,"03334099999,03318099999,03323399999,03344099999,03316099999,03321099999"
Manchester,2001-08-17,19.2,11.9,15.6,19.2,11.9,15.6,11.8,79.4,1.424,100,12.5,rain,0,0,,19.5,180.8,1015,69.8,32.1,,,,,2001-08-17T05:51:50,2001-08-17T20:33:00,0.94,"Rain, Partially cloudy",Partly cloudy throughout the day with rain.,rain,"03334099999,03318099999,03344099999,03323399999,03316099999,03321099999"
Manchester,2001-08-18,20.3,14.2,17,20.3,14.2,17,13.6,80.9,0.517,100,8.33,rain,0,0,,18.8,87.7,1010.8,89.2,19.8,,,,,2001-08-18T05:53:34,2001-08-18T20:30:50,0.98,"Rain, Partially cloudy",Partly cloudy throughout the day with rain.,rain,"03334099999,03318099999,03344099999,03323399999,03316099999,03321099999"
Manchester,2001-08-19,20.4,15.2,17.1,20.4,15.2,17.1,15,87.9,1.713,100,4.17,rain,0,0,,18.9,209.3,1000.9,85.3,10.7,,,,,2001-08-19T05:55:19,2001-08-19T20:28:38,0,"Rain, Partially cloudy",Partly cloudy throughout the day with afternoon rain.,rain,"03334099999,03318099999,03344099999,03323399999,03316099999,03321099999"
Manchester,2001-08-20,19.6,13.4,16.4,19.6,13.4,16.4,10.3,68.7,0.202,100,8.33,rain,0,0,,21,240.7,1011.3,66.4,36.9,,,,,2001-08-20T05:57:03,2001-08-20T20:26:25,0.05,"Rain, Partially cloudy",Partly cloudy throughout the day with rain clearing later.,rain,"03334099999,03318099999,03344099999,03323399999,03316099999,03321099999"
Manchester,2001-08-21,20.6,12.1,16.3,20.6,12.1,16.3,11.8,75.7,0,0,0,,0,0,,28.8,168.5,1014.7,68,19.7,,,,,2001-08-21T05:58:48,2001-08-21T20:24:11,0.08,Partially cloudy,Partly cloudy throughout the day.,partly-cloudy-day,"03334099999,03318099999,03323399999,03344099999,03316099999,03321099999"
Manchester,2001-08-22,20.9,14.1,17.4,20.9,14.1,17.4,13.2,77.8,0,0,0,,0,0,,13,207.2,1021.1,60.6,21.5,,,,,2001-08-22T06:00:33,2001-08-22T20:21:56,0.11,Partially cloudy,Partly cloudy throughout the day.,partly-cloudy-day,"03334099999,03318099999,03323399999,03344099999,03316099999,03321099999"
Manchester,2001-08-23,22.2,13.9,17.8,22.2,13.9,17.8,14.2,80,0,0,0,,0,0,,12.1,198.1,1019,77.2,15.5,,,,,2001-08-23T06:02:17,2001-08-23T20:19:40,0.15,Partially cloudy,Partly cloudy throughout the day.,partly-cloudy-day,"03334099999,03318099999,03344099999,03323399999,03316099999,03321099999"
Manchester,2001-08-24,19.6,14.4,16.4,19.6,14.4,16.4,15.2,92.7,0,0,0,,0,0,,14.5,214.6,1015.9,91.2,5.8,,,,,2001-08-24T06:04:02,2001-08-24T20:17:24,0.18,Overcast,Cloudy skies throughout the day.,cloudy,"03334099999,03318099999,03344099999,03323399999,03316099999,03321099999"
Manchester,2001-08-25,23.1,15.1,18.2,23.1,15.1,18.2,15.4,84.8,0,0,0,,0,0,,12.9,216.6,1015.5,81.5,12.1,,,,,2001-08-25T06:05:47,2001-08-25T20:15:07,0.25,Partially cloudy,Partly cloudy throughout the day.,partly-cloudy-day,"03334099999,03318099999,03344099999,03323399999,03316099999,03321099999"
Manchester,2001-08-26,19.3,12.9,16.3,19.3,12.9,16.3,11.5,75.3,0,0,0,,0,0,,20.2,303.7,1018.9,65.3,27,,,,,2001-08-26T06:07:31,2001-08-26T20:12:48,0.25,Partially cloudy,Partly cloudy throughout the day.,partly-cloudy-day,"03334099999,03318099999,03344099999,03323399999,03316099999,03321099999"
Manchester,2001-08-27,18.2,9.7,14.1,18.2,8.8,14,8.4,70.8,0,0,0,,0,0,,16.9,306.4,1024.1,37.3,46.6,,,,,2001-08-27T06:09:16,2001-08-27T20:10:30,0.28,Partially cloudy,Partly cloudy throughout the day.,partly-cloudy-day,"03334099999,03318099999,03344099999,03323399999,03316099999,03321099999"
Manchester,2001-08-28,20.2,7.4,14.3,20.2,7.4,14.3,9,72.9,0,0,0,,0,0,,9.7,242,1021.1,26.5,28.8,,,,,2001-08-28T06:11:01,2001-08-28T20:08:10,0.32,Partially cloudy,Partly cloudy throughout the day.,partly-cloudy-day,"03334099999,03318099999,03344099999,03323399999,03316099999,03321099999"
Manchester,2001-08-29,21.3,9.3,15.7,21.3,8.9,15.7,9.3,68.9,0,0,0,,0,0,,19.1,193.2,1014.5,53.1,19,,,,,2001-08-29T06:12:45,2001-08-29T20:05:50,0.35,Partially cloudy,Partly cloudy throughout the day.,partly-cloudy-day,"03334099999,03318099999,03344099999,03323399999,03316099999,03321099999"
Manchester,2001-08-30,15.5,11.8,13.9,15.5,11.8,13.9,11.8,87.7,0,0,0,,0,0,,11,273.6,1010.6,78.5,10,,,,,2001-08-30T06:14:30,2001-08-30T20:03:29,0.38,Partially cloudy,Partly cloudy throughout the day.,partly-cloudy-day,"03334099999,03318099999,03344099999,03323399999,03316099999,03321099999"
Manchester,2001-08-31,17.9,11.3,14.3,17.9,11.3,14.3,10.8,80.7,0,0,0,,0,0,,21.6,300.6,1012.8,73,21.6,,,,,2001-08-31T06:16:14,2001-08-31T20:01:07,0.42,Partially cloudy,Partly cloudy throughout the day.,partly-cloudy-day,"03334099999,03318099999,03344099999,03323399999,03316099999,03321099999"
Manchester,2001-09-01,17.7,10.4,14.3,17.7,10.4,14.3,10.4,78,0,0,0,,0,0,,17.5,238.1,1018.1,84.3,32.4,,,,,2001-09-01T06:17:59,2001-09-01T19:58:45,0.45,Partially cloudy,Partly cloudy throughout the day.,partly-cloudy-day,"03334099999,03318099999,03344099999,03323399999,03316099999,03321099999"
Manchester,2001-09-02,16.8,12.7,15.6,16.8,12.7,15.6,12.4,81.6,0,0,0,,0,0,,22.3,256.3,1013.3,87.6,29.2,,,,,2001-09-02T06:19:43,2001-09-02T19:56:23,0.5,Partially cloudy,Partly cloudy throughout the day.,partly-cloudy-day,"03334099999,03318099999,03344099999,03323399999,03316099999,03321099999"
Manchester,2001-09-03,16.1,12.3,14.1,16.1,12.3,14.1,10.8,81.2,0,0,0,,0,0,,22.2,277.2,1012.6,82.2,24.5,,,,,2001-09-03T06:21:28,2001-09-03T19:54:00,0.52,Partially cloudy,Partly cloudy throughout the day.,partly-cloudy-day,"03334099999,03318099999,03344099999,03323399999,03316099999,03321099999"
Manchester,2001-09-04,15.8,10.4,13.4,15.8,10.4,13.4,7,66.7,0,0,0,,0,0,,23,317.7,1017.9,56.3,49.3,,,,,2001-09-04T06:23:12,2001-09-04T19:51:36,0.55,Partially cloudy,Partly cloudy throughout the day.,partly-cloudy-day,"03334099999,03318099999,03344099999,03323399999,03316099999,03321099999"
Manchester,2001-09-05,16.8,9.9,13.9,16.8,9,13.9,12.8,93.2,0,0,0,,0,0,,18.9,252.6,1019.4,88.4,13.2,,,,,2001-09-05T06:24:57,2001-09-05T19:49:12,0.59,Partially cloudy,Partly cloudy throughout the day.,partly-cloudy-day,"03334099999,03318099999,03323399999,03344099999,03316099999,03321099999"
Manchester,2001-09-06,16.4,10.6,13.7,16.4,10.6,13.7,9.6,76.6,0,0,0,,0,0,,26.5,295.9,1018.2,69.2,28.6,,,,,2001-09-06T06:26:41,2001-09-06T19:46:48,0.62,Partially cloudy,Partly cloudy throughout the day.,partly-cloudy-day,"03334099999,03318099999,03344099999,03323399999,03316099999,03321099999"
Manchester,2001-09-07,17.4,13.2,15.1,17.4,13.2,15.1,12,81.5,0,0,0,,0,0,,32.7,267,1015.5,89.7,19.2,,,,,2001-09-07T06:28:26,2001-09-07T19:44:23,0.66,Partially cloudy,Partly cloudy throughout the day.,partly-cloudy-day,"03334099999,03318099999,03344099999,03323399999,03316099999,03321099999"
Manchester,2001-09-08,15.4,11.5,13.6,15.4,11.5,13.6,7.5,68,0,0,0,,0,0,,32.5,306.7,1015.3,62.1,37.2,,,,,2001-09-08T06:30:10,2001-09-08T19:41:58,0.69,Partially cloudy,Partly cloudy throughout the day.,partly-cloudy-day,"03334099999,03318099999,03344099999,03323399999,03316099999,03321099999"
Manchester,2001-09-09,15.8,8.1,12.1,15.8,6.2,11.5,5.6,65.9,0,0,0,,0,0,,27.2,322.2,1020.1,32.5,46.7,,,,,2001-09-09T06:31:54,2001-09-09T19:39:32,0.73,Partially cloudy,Becoming cloudy in the afternoon.,partly-cloudy-day,"03334099999,03318099999,03323399999,03316099999,03321099999"
Manchester,2001-09-10,14.8,7.8,12.1,14.8,6.8,11.9,7.3,74,0,0,0,,0,0,,21.7,307.8,1020.6,65.2,42.6,,,,,2001-09-10T06:33:39,2001-09-10T19:37:06,0.75,Partially cloudy,Partly cloudy throughout the day.,partly-cloudy-day,"03334099999,03318099999,03323399999,03316099999,03321099999"
Manchester,2001-09-11,16.7,13.1,14.5,16.7,13.1,14.5,10.9,79.8,0,0,0,,0,0,,24.7,298.6,1019,86.5,27,,,,,2001-09-11T06:35:23,2001-09-11T19:34:40,0.79,Partially cloudy,Partly cloudy throughout the day.,partly-cloudy-day,"03334099999,03318099999,03323399999,03316099999,03321099999"
Manchester,2001-09-12,15.5,11.8,13.3,15.5,11.8,13.3,11.1,86.7,0,0,0,,0,0,,35,209.8,1011.1,89.6,17.4,,,,,2001-09-12T06:37:08,2001-09-12T19:32:14,0.83,Partially cloudy,Partly cloudy throughout the day.,partly-cloudy-day,"03334099999,03318099999,03323399999,03316099999,03321099999"
Manchester,2001-09-13,13.3,10.4,11.6,13.3,10.4,11.6,8.6,81.8,0,0,0,,0,0,,40,266.7,1000.4,70.1,19.9,,,,,2001-09-13T06:38:52,2001-09-13T19:29:47,0.86,Partially cloudy,Partly cloudy throughout the day.,partly-cloudy-day,"03334099999,03318099999,03323399999,03344099999,03316099999,03321099999"
Manchester,2001-09-14,15.1,6.2,11.3,15.1,5.4,10.9,8.4,82.8,0,0,0,,0,0,,23.6,257.8,1010.4,56.3,30.2,,,,,2001-09-14T06:40:37,2001-09-14T19:27:21,0.9,Partially cloudy,Partly cloudy throughout the day.,partly-cloudy-day,"03334099999,03318099999,03344099999,03323399999,03316099999,03321099999"
Manchester,2001-09-15,13.8,9.9,11.6,13.8,7.6,11.5,8.5,81.4,0,0,0,,0,0,,26.5,286.3,1011.1,78.3,17.1,,,,,2001-09-15T06:42:21,2001-09-15T19:24:54,0.93,Partially cloudy,Partly cloudy throughout the day.,partly-cloudy-day,"03334099999,03318099999,03344099999,03323399999,03316099999,03321099999"
Manchester,2001-09-16,15.7,8.9,12,15.7,6.6,11.3,7.6,75,0,0,0,,0,0,,23.4,317.7,1019,40.3,25.9,,,,,2001-09-16T06:44:06,2001-09-16T19:22:27,0.97,Partially cloudy,Partly cloudy throughout the day.,partly-cloudy-day,"03334099999,03318099999,03344099999,03323399999,03316099999,03321099999"
Manchester,2001-09-17,12.7,7.7,10.7,12.7,5.8,10.3,6.5,75.6,0,0,0,,0,0,,23.8,342.4,1024.6,69.9,42.3,,,,,2001-09-17T06:45:50,2001-09-17T19:20:00,0,Partially cloudy,Partly cloudy throughout the day.,partly-cloudy-day,"03334099999,03318099999,03344099999,03323399999,03316099999,03321099999"
Manchester,2001-09-18,14.9,9.9,12.4,14.9,8.3,12.3,8.9,79.5,0,0,0,,0,0,,25.5,352.5,1021.2,89.6,26.6,,,,,2001-09-18T06:47:35,2001-09-18T19:17:32,0.03,Partially cloudy,Partly cloudy throughout the day.,partly-cloudy-day,"03334099999,03318099999,03344099999,03323399999,03316099999,03321099999"
Manchester,2001-09-19,13.8,11.2,12.1,13.8,11.2,12.1,10.1,87.5,5.586,100,4.17,rain,0,0,,20.4,318.7,1012.9,92.2,15.1,,,,,2001-09-19T06:49:20,2001-09-19T19:15:05,0.07,"Rain, Overcast",Cloudy skies throughout the day with late afternoon rain.,rain,"03334099999,03318099999,03344099999,03323399999,03316099999,03321099999"
Manchester,2001-09-20,16.2,10.7,13.4,16.2,10.7,13.4,9.1,76.4,0.608,100,8.33,rain,0,0,,16.9,351.3,1015.6,78.2,16.6,,,,,2001-09-20T06:51:05,2001-09-20T19:12:38,0.1,"Rain, Partially cloudy",Partly cloudy throughout the day with rain.,rain,"03334099999,03318099999,03344099999,03323399999,03316099999,03321099999"
Manchester,2001-09-21,13,9.7,11.7,13,9.7,11.7,9.4,86.1,0,0,0,,0,0,,8.5,136.8,1018.9,89.3,7.3,,,,,2001-09-21T06:52:50,2001-09-21T19:10:11,0.13,Partially cloudy,Partly cloudy throughout the day.,partly-cloudy-day,"03334099999,03318099999,03344099999,03316099999"
Manchester,2001-09-22,15.7,10.2,12.1,15.7,10.2,12.1,9.6,85.5,0.309,100,4.17,rain,0,0,,11,95.5,1017.9,73.3,6.9,,,,,2001-09-22T06:54:35,2001-09-22T19:07:44,0.17,"Rain, Partially cloudy",Partly cloudy throughout the day with afternoon rain.,rain,"03334099999,03318099999,03344099999,03323399999,03316099999"
Manchester,2001-09-23,13.6,7.6,11.1,13.6,6.9,10.8,8.2,82.5,0,0,0,,0,0,,19.3,11.1,1017.4,75.4,11.2,,,,,2001-09-23T06:56:20,2001-09-23T19:05:17,0.2,Partially cloudy,Partly cloudy throughout the day.,partly-cloudy-day,"03334099999,03318099999,03344099999,03323399999,03316099999"
Manchester,2001-09-24,14.4,11,12.3,14.4,11,12.3,9.8,84.7,4.65,100,16.67,rain,0,0,,20.1,31.6,1015.6,79.5,12.7,,,,,2001-09-24T06:58:06,2001-09-24T19:02:50,0.25,"Rain, Partially cloudy",Partly cloudy throughout the day with a chance of rain throughout the day.,rain,"03334099999,03318099999,03344099999,03323399999,03316099999"
Manchester,2001-09-25,14.4,9.7,12,14.4,8.3,11.9,9.5,85.3,2.481,100,12.5,rain,0,0,,11.4,82.3,1016.5,86.3,11.9,,,,,2001-09-25T06:59:51,2001-09-25T19:00:23,0.26,"Rain, Partially cloudy",Partly cloudy throughout the day with a chance of rain throughout the day.,rain,"03334099999,03318099999,03344099999,03323399999,03316099999"
Manchester,2001-09-26,16.2,8.3,11.9,16.2,6.3,11.4,9.3,84.8,0.07,100,8.33,rain,0,0,,15.3,111.2,1014.4,66.3,6.6,,,,,2001-09-26T07:01:37,2001-09-26T18:57:56,0.3,"Rain, Partially cloudy",Partly cloudy throughout the day with rain in the morning and afternoon.,rain,"03334099999,03318099999,03344099999,03323399999,03316099999,03321099999"
Manchester,2001-09-27,17,12,14.3,17,12,14.3,13.1,93,8.078,100,12.5,rain,0,0,,20.1,168.5,1009.8,91.5,9.3,,,,,2001-09-27T07:03:23,2001-09-27T18:55:30,0.33,"Rain, Overcast",Cloudy skies throughout the day with a chance of rain throughout the day.,rain,"03334099999,03318099999,03344099999,03323399999,03316099999"
Manchester,2001-09-28,20.9,13.7,16.7,20.9,13.7,16.7,12.5,77.2,0.031,100,4.17,rain,0,0,,23.6,152.1,1008.3,75.6,16.9,,,,,2001-09-28T07:05:09,2001-09-28T18:53:03,0.36,"Rain, Partially cloudy",Partly cloudy throughout the day with afternoon rain.,rain,"03334099999,03318099999,03344099999,03323399999,03316099999"
Manchester,2001-09-29,19.3,13.1,16.4,19.3,13.1,16.4,12,76.1,0.398,100,8.33,rain,0,0,,26,176.9,1005,65.1,24.4,,,,,2001-09-29T07:06:55,2001-09-29T18:50:37,0.4,"Rain, Partially cloudy",Partly cloudy throughout the day with rain in the morning and afternoon.,rain,"03334099999,03318099999,03344099999,03323399999,03316099999"
Manchester,2001-09-30,17,12.7,15,17,12.7,15,12.5,85,0.502,100,12.5,rain,0,0,,37.9,166.7,999.6,88.9,21.9,,,,,2001-09-30T07:08:42,2001-09-30T18:48:12,0.43,"Rain, Partially cloudy",Partly cloudy throughout the day with rain.,rain,"03334099999,03318099999,03344099999,03323399999,03316099999"
Manchester,2001-10-01,17.7,11.9,14.5,17.7,11.9,14.5,9.4,72.3,10.705,100,8.33,rain,0,0,,45.7,207.4,992.3,58.1,26.8,,,,,2001-10-01T07:10:29,2001-10-01T18:45:46,0.46,"Rain, Partially cloudy",Partly cloudy throughout the day with rain.,rain,"03334099999,03318099999,03344099999,03323399999,03316099999,03321099999"
Manchester,2001-10-02,16.8,12.9,14.3,16.8,12.9,14.3,9,71.3,0.021,100,4.17,rain,0,0,,33,205.2,997.2,78.3,24.7,,,,,2001-10-02T07:12:16,2001-10-02T18:43:21,0.5,"Rain, Partially cloudy",Partly cloudy throughout the day with late afternoon rain.,rain,"03334099999,03318099999,03344099999,03323399999,03316099999,03321099999"
Manchester,2001-10-03,17.1,10.6,13.3,17.1,10.6,13.3,9.5,78.5,0.375,100,8.33,rain,0,0,,27.1,219.5,1004.4,53.7,32.4,,,,,2001-10-03T07:14:03,2001-10-03T18:40:56,0.53,"Rain, Partially cloudy",Partly cloudy throughout the day with rain.,rain,"03334099999,03318099999,03344099999,03323399999,03316099999,03321099999"
Manchester,2001-10-04,15.9,10.5,13.2,15.9,10.5,13.2,10.7,85.3,4.178,100,12.5,rain,0,0,,26.1,194,1007.6,85.7,24.8,,,,,2001-10-04T07:15:51,2001-10-04T18:38:32,0.57,"Rain, Partially cloudy",Partly cloudy throughout the day with a chance of rain throughout the day.,rain,"03334099999,03318099999,03344099999,03323399999,03316099999,03321099999"
Manchester,2001-10-05,18,13.2,15.2,18,13.2,15.2,11.3,78.4,2.398,100,8.33,rain,0,0,,32.6,162.7,1000.1,84.8,20.4,,,,,2001-10-05T07:17:38,2001-10-05T18:36:08,0.6,"Rain, Partially cloudy",Partly cloudy throughout the day with rain.,rain,"03334099999,03318099999,03344099999,03323399999,03316099999,03321099999"
Manchester,2001-10-06,16.7,11.1,13.9,16.7,11.1,13.9,10.3,79.9,4.642,100,8.33,rain,0,0,,35.6,173,996.3,48.7,28.6,,,,,2001-10-06T07:19:27,2001-10-06T18:33:45,0.64,"Rain, Partially cloudy",Partly cloudy throughout the day with rain.,rain,"03334099999,03318099999,03344099999,03323399999,03316099999,03321099999"
Manchester,2001-10-07,15.1,10.6,12.8,15.1,10.6,12.8,9.5,80.7,3.931,100,8.33,rain,0,0,,49.5,156.3,988.2,80.2,22.6,,,,,2001-10-07T07:21:15,2001-10-07T18:31:22,0.67,"Rain, Partially cloudy",Partly cloudy throughout the day with rain.,rain,"03334099999,03318099999,03344099999,03323399999,03316099999,03321099999"
Manchester,2001-10-08,15.6,10.1,12.7,15.6,10.1,12.7,8.7,77.1,12.325,100,12.5,rain,0,0,,43.9,213.8,988,75,37.3,,,,,2001-10-08T07:23:04,2001-10-08T18:29:00,0.71,"Rain, Partially cloudy",Partly cloudy throughout the day with a chance of rain throughout the day.,rain,"03334099999,03318099999,03344099999,03323399999,03316099999,03321099999"
Manchester,2001-10-09,14.8,11.2,12.5,14.8,11.2,12.5,10.1,85.3,6.709,100,8.33,rain,0,0,,28.7,260.3,1004.9,82.3,18.1,,,,,2001-10-09T07:24:53,2001-10-09T18:26:38,0.74,"Rain, Partially cloudy",Partly cloudy throughout the day with rain.,rain,"03334099999,03318099999,03344099999,03323399999,03316099999"
Manchester,2001-10-10,15.4,10.9,12.6,15.4,10.9,12.6,10.6,87.7,0.739,100,8.33,rain,0,0,,30.3,210.8,1016.8,89.2,20.6,,,,,2001-10-10T07:26:42,2001-10-10T18:24:16,0.75,"Rain, Partially cloudy",Partly cloudy throughout the day with rain.,rain,"03334099999,03318099999,03344099999,03323399999,03316099999,03321099999"
Manchester,2001-10-11,19.6,10.6,15.3,19.6,10.6,15.3,12.5,83.6,0,0,0,,0,0,,30.4,200.8,1020.7,63.8,31.7,,,,,2001-10-11T07:28:31,2001-10-11T18:21:56,0.81,Partially cloudy,Clearing in the afternoon.,partly-cloudy-day,"03334099999,03318099999,03344099999,03323399999,03316099999,03321099999"
Manchester,2001-10-12,19.5,11.2,15.1,19.5,11.2,15.1,11.3,78.9,0,0,0,,0,0,,28.1,183.3,1019.5,18.3,18.1,,,,,2001-10-12T07:30:21,2001-10-12T18:19:36,0.85,Clear,Clear conditions throughout the day.,clear-day,"03334099999,03318099999,03344099999,03323399999,03316099999,03321099999"
Manchester,2001-10-13,17.6,12.3,14.8,17.6,12.3,14.8,12.9,88.8,0,0,0,,0,0,,8.9,133.8,1018.8,80.2,5.5,,,,,2001-10-13T07:32:11,2001-10-13T18:17:17,0.88,Partially cloudy,Partly cloudy throughout the day.,partly-cloudy-day,"03334099999,03318099999,03344099999,03323399999,03316099999,03321099999"
Manchester,2001-10-14,19.6,14.7,16.3,19.6,14.7,16.3,14.9,91.7,0.911,100,8.33,rain,0,0,,17.1,142.8,1010.6,88.9,4.6,,,,,2001-10-14T07:34:02,2001-10-14T18:14:58,0.92,"Rain, Partially cloudy",Partly cloudy throughout the day with rain in the morning and afternoon.,rain,"03334099999,03318099999,03344099999,03323399999,03316099999,03321099999"
Manchester,2001-10-15,17.4,9.5,14.2,17.4,7.2,14.1,11.5,84.1,4.65,100,8.33,rain,0,0,,29.3,183.3,1005.2,81,23.4,,,,,2001-10-15T07:35:53,2001-10-15T18:12:41,0.95,"Rain, Partially cloudy",Partly cloudy throughout the day with rain.,rain,"03334099999,03318099999,03344099999,03323399999,03316099999,03321099999"
Manchester,2001-10-16,15.6,9.1,12.1,15.6,6.5,11.3,8.4,78.9,0,0,0,,0,0,,28.1,161.6,1018.9,67,24.7,,,,,2001-10-16T07:37:44,2001-10-16T18:10:24,0,Partially cloudy,Partly cloudy throughout the day.,partly-cloudy-day,"03334099999,03318099999,03344099999,03323399999,03316099999,03321099999"
Manchester,2001-10-17,16.4,12.6,14.3,16.4,12.6,14.3,9.3,72.3,0.035,100,4.17,rain,0,0,,31.3,120.6,1014.3,86.4,23.2,,,,,2001-10-17T07:39:35,2001-10-17T18:08:08,0.02,"Rain, Partially cloudy",Partly cloudy throughout the day with morning rain.,rain,"03334099999,03318099999,03344099999,03323399999,03316099999,03321099999"
Manchester,2001-10-18,16.8,9.8,14.3,16.8,8.3,14.2,11,81.3,7.421,100,12.5,rain,0,0,,27.3,146.8,1006.6,67.8,21.1,,,,,2001-10-18T07:41:27,2001-10-18T18:05:53,0.05,"Rain, Partially cloudy",Partly cloudy throughout the day with a chance of rain throughout the day.,rain,"03334099999,03318099999,03344099999,03323399999,03316099999,03321099999"
Manchester,2001-10-19,15.2,8.5,12,15.2,6.6,11.5,9.9,87.3,0.938,100,12.5,rain,0,0,,28,99.6,1007.1,74.4,16.8,,,,,2001-10-19T07:43:19,2001-10-19T18:03:38,0.09,"Rain, Partially cloudy",Partly cloudy throughout the day with rain.,rain,"03334099999,03318099999,03344099999,03323399999,03316099999,03321099999"
Manchester,2001-10-20,15.6,10.8,13.6,15.6,10.8,13.6,12,90.5,11.339,100,12.5,rain,0,0,,21.8,74.2,1001.1,91.2,12,,,,,2001-10-20T07:45:12,2001-10-20T18:01:25,0.12,"Rain, Overcast",Cloudy skies throughout the day with a chance of rain throughout the day.,rain,"03334099999,03318099999,03344099999,03323399999,03316099999,03321099999"
Manchester,2001-10-21,11.5,7.3,10.1,11.5,7.3,9.9,9.2,94.7,0.726,100,4.17,rain,0,0,,14.7,306.2,1002.9,84.2,9.1,,,,,2001-10-21T07:47:04,2001-10-21T17:59:13,0.15,"Rain, Partially cloudy",Partly cloudy throughout the day with afternoon rain.,rain,"03334099999,03318099999,03344099999,03323399999,03316099999,03321099999"
Manchester,2001-10-22,14.9,11.5,12.5,14.9,11.5,12.5,10.8,89.8,4.774,100,4.17,rain,0,0,,18.1,172.7,1007.8,86.8,9,,,,,2001-10-22T07:48:57,2001-10-22T17:57:02,0.18,"Rain, Partially cloudy",Partly cloudy throughout the day with early morning rain.,rain,"03334099999,03318099999,03344099999,03323399999,03316099999,03321099999"
Manchester,2001-10-23,16.4,11.9,13.3,16.4,11.9,13.3,11.2,87.5,6.391,100,12.5,rain,0,0,,23.4,157.5,1006.5,78.2,21.5,,,,,2001-10-23T07:50:51,2001-10-23T17:54:52,0.22,"Rain, Partially cloudy",Partly cloudy throughout the day with rain.,rain,"03334099999,03318099999,03344099999,03323399999,03316099999,03321099999"
Manchester,2001-10-24,15.5,10.5,12.3,15.5,10.5,12.3,9.4,83.4,1.484,100,8.33,rain,0,0,,25.1,178.9,1010.8,53.2,25.3,,,,,2001-10-24T07:52:44,2001-10-24T17:52:43,0.25,"Rain, Partially cloudy",Clearing in the afternoon with rain in the morning and afternoon.,rain,"03334099999,03318099999,03344099999,03323399999,03316099999,03321099999"
Manchester,2001-10-25,14.6,9.1,12.3,14.6,7.3,12.1,10.4,88.1,1.909,100,4.17,rain,0,0,,34.8,181.8,1014.3,80.2,15.1,,,,,2001-10-25T07:54:38,2001-10-25T17:50:35,0.28,"Rain, Partially cloudy",Partly cloudy throughout the day with late afternoon rain.,rain,"03334099999,03318099999,03344099999,03323399999,03316099999,03321099999"
Manchester,2001-10-26,12,9.9,11,12,7.8,10.9,9.6,91.2,4.726,100,8.33,rain,0,0,,23.4,186.2,1006.9,71.5,21.6,,,,,2001-10-26T07:56:32,2001-10-26T17:48:29,0.31,"Rain, Partially cloudy",Partly cloudy throughout the day with rain.,rain,"03334099999,03318099999,03344099999,03323399999,03316099999,03321099999"
Manchester,2001-10-27,14.7,8.4,10.9,14.7,6.5,10.2,7.9,82.1,0.342,100,12.5,rain,0,0,,19.4,223.5,1013.1,59.1,26.5,,,,,2001-10-27T07:58:26,2001-10-27T17:46:24,0.35,"Rain, Partially cloudy",Partly cloudy throughout the day with rain.,rain,"03334099999,03318099999,03344099999,03323399999,03316099999,03321099999"
Manchester,2001-10-28,14.3,6.3,9.7,14.3,5.3,9,7.5,86.9,0.044,100,4.17,rain,0,0,,14.1,236.9,1024.7,47.7,18.2,,,,,2001-10-28T07:00:21,2001-10-28T16:44:20,0.38,"Rain, Partially cloudy",Partly cloudy throughout the day with morning rain.,rain,"03334099999,03318099999,03344099999,03323399999,03316099999,03321099999"
Manchester,2001-10-29,14.2,7.2,11.1,14.2,5.3,10.3,8.5,84.1,0,0,0,,0,0,,30.6,214.3,1020.6,75.3,20.3,,,,,2001-10-29T07:02:15,2001-10-29T16:42:17,0.41,Partially cloudy,Partly cloudy throughout the day.,partly-cloudy-day,"03334099999,03318099999,03323399999,03344099999,03316099999,03321099999"
Manchester,2001-10-30,17.1,10.9,14.2,17.1,10.9,14.2,10.3,77.7,0,0,0,,0,0,,37.7,205.7,1008,43.1,19.2,,,,,2001-10-30T07:04:10,2001-10-30T16:40:16,0.44,Partially cloudy,Becoming cloudy in the afternoon.,partly-cloudy-day,"03334099999,03318099999,03344099999,03323399999,03316099999,03321099999"
Manchester,2001-10-31,11.7,7.6,9.9,11.7,5.2,8.4,5.2,72.8,5.926,100,16.67,rain,0,0,,30.2,279.4,1019.6,60,28,,,,,2001-10-31T07:06:05,2001-10-31T16:38:17,0.48,"Rain, Partially cloudy",Partly cloudy throughout the day with a chance of rain throughout the day.,rain,"03334099999,03318099999,03344099999,03323399999,03316099999,03321099999"
Manchester,2001-11-01,13,6.4,9,13,3.6,7.7,5.8,80.3,0,0,0,,0,0,,15.6,235.1,1036.8,59.6,25.5,,,,,2001-11-01T07:08:00,2001-11-01T16:36:19,0.5,Partially cloudy,Partly cloudy throughout the day.,partly-cloudy-day,"03334099999,03318099999,03344099999,03323399999,03316099999,03321099999"
Manchester,2001-11-02,13.6,7.8,10.3,13.6,6,9.4,7.1,81.1,0.026,100,4.17,rain,0,0,,16.4,225.8,1038.2,69.8,30,,,,,2001-11-02T07:09:55,2001-11-02T16:34:22,0.54,"Rain, Partially cloudy",Partly cloudy throughout the day with morning rain.,rain,"03334099999,03318099999,03344099999,03323399999,03316099999,03321099999"
Manchester,2001-11-03,12,7.2,9.5,12,5.2,8.5,8.1,91,0.538,100,4.17,rain,0,0,,15.6,221.3,1032,87.2,16.6,,,,,2001-11-03T07:11:50,2001-11-03T16:32:27,0.58,"Rain, Partially cloudy",Partly cloudy throughout the day with late afternoon rain.,rain,"03334099999,03318099999,03344099999,03323399999,03316099999,03321099999"
Manchester,2001-11-04,10.8,7,8.9,10.8,4.4,7.2,5.4,78.8,0.276,100,8.33,rain,0,0,,26.1,260.4,1024.2,76.2,24.7,,,,,2001-11-04T07:13:45,2001-11-04T16:30:34,0.62,"Rain, Partially cloudy",Partly cloudy throughout the day with rain.,rain,"03334099999,03318099999,03344099999,03323399999,03316099999,03321099999"
Manchester,2001-11-05,10.5,2.5,7.2,10.5,0,5,4.4,83,0.53,100,8.33,rain,0,0,,25.1,221.6,1022.6,82.3,19.4,,,,,2001-11-05T07:15:40,2001-11-05T16:28:43,0.65,"Rain, Partially cloudy",Partly cloudy throughout the day with rain.,rain,"03334099999,03318099999,03344099999,03323399999,03316099999,03321099999"
Manchester,2001-11-06,11.8,9.2,10.5,11.8,7.6,10.2,6.8,78.4,1.176,100,4.17,rain,0,0,,28.9,276.6,1012.4,79.4,27,,,,,2001-11-06T07:17:35,2001-11-06T16:26:53,0.69,"Rain, Partially cloudy",Partly cloudy throughout the day with early morning rain.,rain,"03334099999,03344099999,03316099999,03321099999"
Manchester,2001-11-07,11.5,8.4,9.6,11.5,5,7.8,7.4,86.4,3.278,100,12.5,rain,0,0,,30.2,260.3,1006.7,92.9,24.2,,,,,2001-11-07T07:19:30,2001-11-07T16:25:06,0.72,"Rain, Overcast",Cloudy skies throughout the day with rain.,rain,"03334099999,03318099999,03344099999,03323399999,03316099999,03321099999"
Manchester,2001-11-08,8.7,1.7,4.5,5.1,-3,0,-1.3,67.1,8.767,100,16.67,rain,0,0,,31.9,322.2,1006.3,47.5,36.5,,,,,2001-11-08T07:21:25,2001-11-08T16:23:20,0.75,"Rain, Partially cloudy",Partly cloudy throughout the day with a chance of rain throughout the day.,rain,"03334099999,03318099999,03344099999,03323399999,03316099999,03321099999"
Manchester,2001-11-09,6.2,-0.9,2.7,3.4,-3.8,-0.4,-2.5,69.1,0.176,100,4.17,rain,0,0,,22.6,323.5,1028.2,33.3,34.6,,,,,2001-11-09T07:23:19,2001-11-09T16:21:36,0.79,"Rain, Partially cloudy",Partly cloudy throughout the day with afternoon rain.,rain,"03334099999,03318099999,03344099999,03323399999,03316099999,03321099999"
Manchester,2001-11-10,10.4,-0.6,6,10.4,-3.3,3.9,4,87,0,0,0,,0,0,,16.2,220,1028.9,80.4,19.8,,,,,2001-11-10T07:25:13,2001-11-10T16:19:54,0.83,Partially cloudy,Partly cloudy throughout the day.,partly-cloudy-day,"03334099999,03318099999,03344099999,03323399999,03316099999,03321099999"
Manchester,2001-11-11,12.6,10.2,11.1,12.6,10.2,11.1,9.9,92.3,0.035,100,4.17,rain,0,0,,16.9,266.2,1025.3,93,11.4,,,,,2001-11-11T07:27:07,2001-11-11T16:18:14,0.87,"Rain, Overcast",Cloudy skies throughout the day with late afternoon rain.,rain,"03334099999,03318099999,03344099999,03323399999,03316099999,03321099999"
Manchester,2001-11-12,12.3,6.2,9.4,12.3,2.9,7.6,7.3,87.3,2.913,100,8.33,rain,0,0,,31.9,354.8,1016.3,88.1,19.9,,,,,2001-11-12T07:29:00,2001-11-12T16:16:37,0.9,"Rain, Partially cloudy",Partly cloudy throughout the day with rain in the morning and afternoon.,rain,"03334099999,03318099999,03344099999,03323399999,03316099999,03321099999"
Manchester,2001-11-13,6,0.1,4.2,3.7,-2.2,1.3,-1.2,68.6,0.026,100,4.17,rain,0,0,,22,349.3,1029,48.5,43.6,,,,,2001-11-13T07:30:53,2001-11-13T16:15:01,0.94,"Rain, Partially cloudy",Clearing in the afternoon with early morning rain.,rain,"03334099999,03318099999,03344099999,03323399999,03316099999,03321099999"
Manchester,2001-11-14,8.9,0.3,4.2,7.6,-1.4,3.3,2.4,88.2,1.523,100,8.33,rain,0,0,,9.7,111.3,1035.9,58,12.7,,,,,2001-11-14T07:32:45,2001-11-14T16:13:28,0.97,"Rain, Partially cloudy",Partly cloudy throughout the day with rain in the morning and afternoon.,rain,"03334099999,03318099999,03344099999,03323399999,03316099999,03321099999"
Manchester,2001-11-15,9.3,1.7,6.1,8.6,-1.2,4.9,4.6,90.7,0,0,0,,0,0,,9.9,235.8,1039.8,84.2,8.3,,,,,2001-11-15T07:34:37,2001-11-15T16:11:57,0,Partially cloudy,Partly cloudy throughout the day.,partly-cloudy-day,"03334099999,03318099999,03344099999,03323399999,03316099999,03321099999"
Manchester,2001-11-16,9.6,7.5,8.4,9.6,6.7,7.9,6.7,89.7,0.065,100,8.33,rain,0,0,,7.2,2.3,1041.2,87.6,7.4,,,,,2001-11-16T07:36:28,2001-11-16T16:10:29,0.04,"Rain, Partially cloudy",Partly cloudy throughout the day with rain in the morning and afternoon.,rain,"03334099999,03318099999,03344099999,03323399999,03316099999,03321099999"
Manchester,2001-11-17,8.8,7.2,8,8.8,5.5,7.5,5.1,82.4,0,0,0,,0,0,,9.4,106.1,1035.6,99.6,10.4,,,,,2001-11-17T07:38:18,2001-11-17T16:09:03,0.07,Overcast,Cloudy skies throughout the day.,cloudy,"03334099999,03318099999,03344099999,03323399999,03316099999,03321099999"
Manchester,2001-11-18,7.6,5.8,6.9,7.6,5.6,6.7,4.7,85.9,0,0,0,,0,0,,8.5,160.4,1027.4,94.1,6.1,,,,,2001-11-18T07:40:08,2001-11-18T16:07:39,0.1,Overcast,Cloudy skies throughout the day.,cloudy,"03334099999,03318099999,03344099999,03323399999,03316099999,03321099999"
Manchester,2001-11-19,8.1,4.5,6.2,7.5,2.2,5.5,4.4,88.5,0,0,0,,0,0,,11.8,174.1,1026.9,86.9,4.8,,,,,2001-11-19T07:41:56,2001-11-19T16:06:18,0.14,Partially cloudy,Partly cloudy throughout the day.,partly-cloudy-day,"03334099999,03318099999,03344099999,03323399999,03316099999,03321099999"
Manchester,2001-11-20,10.6,4.4,7.8,10.6,2.2,5.7,5.9,88,0.03,100,4.17,rain,0,0,,24.7,198.9,1027.4,83.3,16.4,,,,,2001-11-20T07:43:44,2001-11-20T16:05:00,0.17,"Rain, Partially cloudy",Partly cloudy throughout the day with morning rain.,rain,"03334099999,03318099999,03344099999,03323399999,03316099999,03321099999"
Manchester,2001-11-21,13.3,9.1,11,13.3,6,10,8.8,86.5,3.626,100,12.5,rain,0,0,,40,228.4,1021.1,88.1,20.4,,,,,2001-11-21T07:45:30,2001-11-21T16:03:44,0.2,"Rain, Partially cloudy",Partly cloudy throughout the day with rain.,rain,"03334099999,03318099999,03344099999,03323399999,03316099999,03321099999"
Manchester,2001-11-22,9.7,1.9,7.5,7.7,-0.5,4.8,3,73.3,1.749,100,8.33,rain,0,0,,29.8,308,1022.8,61.5,30.7,,,,,2001-11-22T07:47:16,2001-11-22T16:02:32,0.25,"Rain, Partially cloudy",Partly cloudy throughout the day with rain.,rain,"03334099999,03318099999,03344099999,03323399999,03316099999,03321099999"
Manchester,2001-11-23,8.3,-1,3.6,6.4,-2.9,2.2,1.6,86.7,0,0,0,,0,0,,12.4,191.9,1026.4,86.4,23.9,,,,,2001-11-23T07:49:00,2001-11-23T16:01:22,0.26,Partially cloudy,Partly cloudy throughout the day.,partly-cloudy-day,"03334099999,03318099999,03344099999,03323399999,03316099999,03321099999"
Manchester,2001-11-24,12.1,8.8,10.9,12.1,6.5,10.5,9.5,91.4,0.06,100,4.17,rain,0,0,,18,239,1021.2,92.5,12.7,,,,,2001-11-24T07:50:43,2001-11-24T16:00:14,0.3,"Rain, Overcast",Cloudy skies throughout the day with afternoon rain.,rain,"03334099999,03318099999,03344099999,03323399999,03316099999,03321099999"
Manchester,2001-11-25,11.9,4.2,9,11.9,0.9,7.6,6.7,85.6,2.27,100,8.33,rain,0,0,,26.5,224.4,1014,79,26.9,,,,,2001-11-25T07:52:24,2001-11-25T15:59:10,0.33,"Rain, Partially cloudy",Partly cloudy throughout the day with rain.,rain,"03334099999,03318099999,03344099999,03323399999,03316099999,03321099999"
Manchester,2001-11-26,7.9,2,4.6,6.6,-1.3,2.3,2.9,88.8,0.025,100,4.17,rain,0,0,,13.7,200.2,1014.8,41.8,17.5,,,,,2001-11-26T07:54:04,2001-11-26T15:58:09,0.36,"Rain, Partially cloudy",Clearing in the afternoon with afternoon rain.,rain,"03334099999,03318099999,03344099999,03323399999,03316099999,03321099999"
Manchester,2001-11-27,7.8,2.7,5.2,4.4,-3,1.2,3.1,86.8,2.352,100,12.5,rain,0,0,,34.3,209.8,1003.8,80.5,19.8,,,,,2001-11-27T07:55:42,2001-11-27T15:57:11,0.39,"Rain, Partially cloudy",Partly cloudy throughout the day with a chance of rain throughout the day.,rain,"03334099999,03318099999,03344099999,03323399999,03316099999,03321099999"
Manchester,2001-11-28,9,5,7.1,6.4,2.2,4,5.2,87.8,0.894,100,16.67,rain,0,0,,24.1,215.2,1012.6,80.4,19.4,,,,,2001-11-28T07:57:19,2001-11-28T15:56:16,0.42,"Rain, Partially cloudy",Partly cloudy throughout the day with a chance of rain throughout the day.,rain,"03334099999,03318099999,03344099999,03323399999,03316099999,03321099999"
Manchester,2001-11-29,12.7,9.4,11.1,12.7,6.4,10.5,10,93.5,5.288,100,12.5,rain,0,0,,25.8,202.4,1007.2,92.3,14.2,,,,,2001-11-29T07:58:54,2001-11-29T15:55:24,0.46,"Rain, Overcast",Cloudy skies throughout the day with a chance of rain throughout the day.,rain,"03334099999,03318099999,03344099999,03323399999,03316099999,03321099999"
Manchester,2001-11-30,14.4,10.7,13.1,14.4,10.7,13.1,11.6,90.8,1.362,100,12.5,rain,0,0,,35.2,184.7,1002.5,87.9,24.8,,,,,2001-11-30T08:00:27,2001-11-30T15:54:36,0.5,"Rain, Partially cloudy",Partly cloudy throughout the day with a chance of rain throughout the day.,rain,"03334099999,03318099999,03344099999,03323399999,03316099999,03321099999"
Manchester,2001-12-01,13.4,2.9,8.6,13.4,0,6.9,6,83.7,2.628,100,8.33,rain,0,0,,22.8,233.1,1011,68.2,28.7,,,,,2001-12-01T08:01:58,2001-12-01T15:53:50,0.52,"Rain, Partially cloudy",Partly cloudy throughout the day with rain.,rain,"03334099999,03318099999,03344099999,03323399999,03316099999,03321099999"
Manchester,2001-12-02,5.3,2,3.3,2.8,-1.2,1,0.9,84.6,0,0,0,,0,0,,13.6,152.6,1024.5,75.7,26.9,,,,,2001-12-02T08:03:27,2001-12-02T15:53:08,0.56,Partially cloudy,Partly cloudy throughout the day.,partly-cloudy-day,"03334099999,03318099999,03323399999,03344099999,03316099999,03321099999"
Manchester,2001-12-03,8.3,2,5.6,3.6,-0.9,1.8,3.8,88.6,0,0,0,,0,0,,42.9,161.2,1015,87.5,10.3,,,,,2001-12-03T08:04:54,2001-12-03T15:52:30,0.59,Partially cloudy,Partly cloudy throughout the day.,partly-cloudy-day,"03334099999,03318099999,03323399999,03344099999,03316099999,03321099999"
Manchester,2001-12-04,9,4.4,7.6,6.1,1.2,4.3,4.9,83.3,8.658,100,12.5,rain,0,0,,39.7,238.1,1008.2,73.1,22.5,,,,,2001-12-04T08:06:18,2001-12-04T15:51:55,0.63,"Rain, Partially cloudy",Partly cloudy throughout the day with a chance of rain throughout the day.,rain,"03334099999,03318099999,03344099999,03323399999,03316099999,03321099999"
Manchester,2001-12-05,11.7,4.6,7.1,11.7,1.4,3.9,4.8,85.4,7.836,100,8.33,rain,0,0,,41.6,223.1,1011.4,83.5,25.3,,,,,2001-12-05T08:07:40,2001-12-05T15:51:23,0.67,"Rain, Partially cloudy",Partly cloudy throughout the day with rain in the morning and afternoon.,rain,"03334099999,03318099999,03344099999,03323399999,03316099999,03321099999"
Manchester,2001-12-06,6.8,0.1,4,5.2,-1,2.1,2.3,88.9,0.344,100,8.33,rain,0,0,,27.1,145,1030.9,66.8,15.7,,,,,2001-12-06T08:09:00,2001-12-06T15:50:55,0.7,"Rain, Partially cloudy",Partly cloudy throughout the day with rain.,rain,"03334099999,03318099999,03344099999,03323399999,03316099999,03321099999"
Manchester,2001-12-07,9.7,7,8.3,7.5,2.7,5.4,6.3,86.8,0.842,100,8.33,rain,0,0,,30.6,164.5,1033.5,90.2,10.8,,,,,2001-12-07T08:10:17,2001-12-07T15:50:31,0.75,"Rain, Overcast",Cloudy skies throughout the day with rain.,rain,"03334099999,03318099999,03344099999,03323399999,03316099999,03321099999"
Manchester,2001-12-08,8.9,1.8,6.1,7.1,0.2,4.1,3.3,82.3,0.03,100,4.17,rain,0,0,,16.8,155.1,1038.3,56.5,16.8,,,,,2001-12-08T08:11:31,2001-12-08T15:50:10,0.77,"Rain, Partially cloudy",Partly cloudy throughout the day with early morning rain.,rain,"03334099999,03318099999,03344099999,03323399999,03316099999,03321099999"
Manchester,2001-12-09,2.6,-2,0.4,2.5,-5.5,-1.5,-0.9,91.5,0.026,100,4.17,snow,0,0,,15.6,150.4,1040.4,50.1,7.8,,,,,2001-12-09T08:12:43,2001-12-09T15:49:52,0.81,"Snow, Rain, Partially cloudy",Partly cloudy throughout the day with early morning snow or rain.,rain,"03334099999,03318099999,03344099999,03323399999,03316099999,03321099999"
Manchester,2001-12-10,5.3,-2.1,0.9,5.3,-3.9,0.2,-0.4,91.3,0.065,100,8.33,snow,0,0,,6.9,169.5,1041.3,15.3,3.7,,,,,2001-12-10T08:13:52,2001-12-10T15:49:39,0.84,"Snow, Rain",Clear conditions throughout the day with rain or snow.,rain,"03334099999,03318099999,03344099999,03323399999,03316099999,03321099999"
Manchester,2001-12-11,1,-2.1,-0.8,1,-2.9,-1,-1.4,95.8,0.074,100,4.17,snow,0,0,,5.6,188.5,1042,10,2.1,,,,,2001-12-11T08:14:58,2001-12-11T15:49:29,0.88,"Snow, Rain",Clear conditions throughout the day with afternoon rain or snow.,rain,"03334099999,03318099999,03344099999,03323399999,03316099999,03321099999"
Manchester,2001-12-12,10.7,-2.3,3.9,10.7,-2.3,2.6,0.5,79.9,0.025,100,4.17,rain,0,0,,25.5,35.5,1037.6,19.8,14.1,,,,,2001-12-12T08:16:01,2001-12-12T15:49:23,0.92,Rain,Clear conditions throughout the day with afternoon rain.,rain,"03334099999,03318099999,03344099999,03323399999,03316099999,03321099999"
Manchester,2001-12-13,7.4,4.8,6.2,5.9,1.9,3.7,3.2,80.7,0.026,100,4.17,rain,0,0,,24.6,55.5,1036.9,76.7,20.8,,,,,2001-12-13T08:17:01,2001-12-13T15:49:20,0.95,"Rain, Partially cloudy",Partly cloudy throughout the day with early morning rain.,rain,"03334099999,03318099999,03344099999,03323399999,03316099999,03321099999"
Manchester,2001-12-14,6,-0.4,2.9,4.1,-2.9,0.8,0.2,82.9,0.044,100,4.17,snow,0,0,,14.4,91.3,1041.7,46.9,16.9,,,,,2001-12-14T08:17:58,2001-12-14T15:49:22,0,"Snow, Rain, Partially cloudy",Partly cloudy throughout the day with morning rain or snow.,rain,"03334099999,03318099999,03344099999,03323399999,03316099999,03321099999"
Manchester,2001-12-15,6.2,-2.5,2.3,5.3,-2.5,1.5,0.5,88,0,0,0,,0,0,,16.7,12.9,1041.6,79.6,8.2,,,,,2001-12-15T08:18:52,2001-12-15T15:49:27,0.02,Partially cloudy,Partly cloudy throughout the day.,partly-cloudy-day,"03334099999,03318099999,03344099999,03323399999,03316099999,03321099999"
Manchester,2001-12-16,5.7,-1.8,3.7,3.4,-1.8,1.7,1,82.6,0,0,0,,0,0,,14.1,43.5,1041.4,57.3,18.6,,,,,2001-12-16T08:19:42,2001-12-16T15:49:35,0.05,Partially cloudy,Partly cloudy throughout the day.,partly-cloudy-day,"03334099999,03318099999,03323399999,03344099999,03316099999,03321099999"
Manchester,2001-12-17,4.5,-2.7,1.3,4,-3.6,0.5,0.2,92.1,0.222,100,4.17,rain,0,0,,8.7,313.7,1042.5,66.6,8.8,,,,,2001-12-17T08:20:29,2001-12-17T15:49:48,0.08,"Rain, Partially cloudy",Partly cloudy throughout the day with afternoon rain.,rain,"03334099999,03318099999,03323399999,03344099999,03316099999,03321099999"
Manchester,2001-12-18,6.4,3,5,5.7,2.2,4.1,4,92.8,0.462,100,12.5,rain,0,0,,9.2,319.3,1040.4,90.4,6,,,,,2001-12-18T08:21:13,2001-12-18T15:50:04,0.12,"Rain, Overcast",Cloudy skies throughout the day with rain.,rain,"03334099999,03318099999,03344099999,03323399999,03316099999,03321099999"
Manchester,2001-12-19,7.3,1.6,4.4,4.3,-0.5,1.9,2.5,88.1,0.728,100,12.5,rain,0,0,,21.7,302.5,1032.3,69.5,16.3,,,,,2001-12-19T08:21:53,2001-12-19T15:50:24,0.15,"Rain, Partially cloudy",Partly cloudy throughout the day with a chance of rain throughout the day.,rain,"03334099999,03318099999,03323399999,03344099999,03316099999,03321099999"
Manchester,2001-12-20,4.7,-1.2,1.5,0.7,-3.5,-1.4,-1.2,82.2,0.269,100,8.33,snow,0,0,,21.8,254.2,1031.2,74.2,23,,,,,2001-12-20T08:22:30,2001-12-20T15:50:48,0.18,"Snow, Rain, Partially cloudy",Partly cloudy throughout the day with rain or snow.,rain,"03334099999,03344099999,03323399999,03316099999,03321099999"
Manchester,2001-12-21,7.6,0.9,5.5,3.7,-2,1.7,3,84.1,0.672,100,16.67,rain,0,0,,36,289.6,1014.2,79.1,20.1,,,,,2001-12-21T08:23:03,2001-12-21T15:51:15,0.21,"Rain, Partially cloudy",Partly cloudy throughout the day with a chance of rain throughout the day.,rain,"03334099999,03318099999,03344099999,03323399999,03316099999,03321099999"
Manchester,2001-12-22,2.3,-0.9,0.7,-2.1,-4.6,-3.3,-4.3,69.5,0.026,100,4.17,snow,0,0,,22.2,323.8,1017.2,19.7,42.4,,,,,2001-12-22T08:23:33,2001-12-22T15:51:46,0.25,"Snow, Rain",Clear conditions throughout the day with morning rain or snow.,rain,"03334099999,03318099999,03344099999,03323399999,03316099999,03321099999"
Manchester,2001-12-23,4.7,-3.3,0.5,0.6,-5.7,-2.6,-1.4,87.3,0.829,100,8.33,snow,0,0,,22.8,226.2,1018.9,76.2,20.4,,,,,2001-12-23T08:23:59,2001-12-23T15:52:21,0.28,"Snow, Rain, Partially cloudy",Partly cloudy throughout the day with rain or snow.,rain,"03334099999,03318099999,03344099999,03323399999,03316099999,03321099999"
Manchester,2001-12-24,8.4,5.6,7.6,4.4,1.6,3.7,6.2,91.1,1.35,100,8.33,rain,0,0,,36.6,263.2,1005.1,93.4,11.2,,,,,2001-12-24T08:24:21,2001-12-24T15:52:59,0.31,"Rain, Overcast",Cloudy skies throughout the day with rain.,rain,"03334099999,03318099999,03344099999,03323399999,03316099999,03321099999"
Manchester,2001-12-25,7.8,0.3,3.7,4.4,-2.4,0.7,0.1,77.5,1.612,100,12.5,rain,0,0,,23.8,308.6,1001,64.7,37.6,,,,,2001-12-25T08:24:40,2001-12-25T15:53:41,0.34,"Rain, Partially cloudy",Partly cloudy throughout the day with a chance of rain throughout the day.,rain,"03334099999,03318099999,03344099999,03323399999,03316099999,03321099999"
Manchester,2001-12-26,2.4,-1.4,0.5,0.4,-4.8,-2.9,-2.1,83.2,1.21,100,12.5,snow,0,0,,17.1,255.6,1009.1,54.6,32.3,,,,,2001-12-26T08:24:55,2001-12-26T15:54:27,0.37,"Snow, Rain, Partially cloudy",Partly cloudy throughout the day with rain or snow.,rain,"03334099999,03318099999,03344099999,03323399999,03316099999,03321099999"
Manchester,2001-12-27,8.5,1.8,6.4,4.7,-2.8,2.4,4.7,89.4,1.063,100,12.5,snow,0,0,,32.2,246.2,1001.1,90.9,19.9,,,,,2001-12-27T08:25:06,2001-12-27T15:55:15,0.41,"Snow, Rain, Overcast",Cloudy skies throughout the day with a chance of rain or snow throughout the day.,rain,"03334099999,03318099999,03344099999,03323399999,03316099999,03321099999"
Manchester,2001-12-28,8.4,1.6,5.2,4.2,-0.9,0.8,0.5,72.3,2.418,100,16.67,rain,0,0,,42.2,274.8,1001.1,69.9,25.5,,,,,2001-12-28T08:25:14,2001-12-28T15:56:07,0.44,"Rain, Partially cloudy",Partly cloudy throughout the day with a chance of rain throughout the day.,rain,"03334099999,03318099999,03344099999,03323399999,03316099999,03321099999"
Manchester,2001-12-29,3.2,0.4,1.4,0.8,-4.6,-1.6,-1.1,84.6,1.777,100,8.33,snow,2.9,1.5,,22.9,281.7,1001.5,65.4,17.2,,,,,2001-12-29T08:25:18,2001-12-29T15:57:03,0.47,"Snow, Rain, Partially cloudy",Partly cloudy throughout the day with rain or snow in the morning and afternoon.,snow,"03334099999,03318099999,03344099999,03323399999,03316099999,03321099999"
Manchester,2001-12-30,3.1,-1.4,1.1,0.1,-4.8,-2.3,-1.9,80.9,2.836,100,12.5,snow,0,0.5,,20.9,309.5,1012.5,51.7,31.2,,,,,2001-12-30T08:25:18,2001-12-30T15:58:02,0.5,"Snow, Rain, Partially cloudy",Partly cloudy throughout the day with a chance of rain or snow throughout the day.,rain,"03334099999,03318099999,03344099999,03323399999,03316099999,03321099999"
Manchester,2001-12-31,2,-5.7,-2.2,0.2,-7.2,-3.7,-4.2,86.4,0,0,0,,0,0,,9.2,169.7,1032.4,13.8,12.9,,,,,2001-12-31T08:25:14,2001-12-31T15:59:04,0.54,Clear,Clear conditions throughout the day.,clear-day,"03334099999,03318099999,03344099999,03323399999,03316099999,03321099999"
Manchester,2002-01-01,2.4,-5.3,-2.1,-0.3,-7.8,-4.5,-4.5,84.3,0.086,100,8.33,snow,0,0,,11.4,159.2,1036.5,10.5,18.1,,,,,2002-01-01T08:25:07,2002-01-01T16:00:09,0.57,"Snow, Rain",Clear conditions throughout the day with rain or snow.,rain,"03334099999,03318099999,03344099999,03323399999,03316099999,03321099999"
Manchester,2002-01-02,2.4,-4,-0.7,-2.3,-7.7,-5.1,-5.5,71.3,0,0,0,,0,0,,25.1,128.4,1029.2,59.1,23.3,,,,,2002-01-02T08:24:56,2002-01-02T16:01:17,0.61,Partially cloudy,Partly cloudy throughout the day.,partly-cloudy-day,"03334099999,03318099999,03344099999,03323399999,03316099999,03321099999"
Manchester,2002-01-03,3.2,-0.6,1.1,-0.5,-6.1,-3.5,-3.4,72,0.035,100,4.17,rain,0,0,,28.5,119.9,1025.8,84,22.2,,,,,2002-01-03T08:24:42,2002-01-03T16:02:28,0.64,"Rain, Partially cloudy",Partly cloudy throughout the day with late afternoon rain.,rain,"03334099999,03318099999,03344099999,03323399999,03316099999,03321099999"
Manchester,2002-01-04,1.2,-4.3,-1.8,-2.6,-8.6,-6.5,-3.6,87.7,0,0,0,,0,0,,21.7,146.8,1026.5,85.9,7.2,,,,,2002-01-04T08:24:24,2002-01-04T16:03:42,0.68,Partially cloudy,Partly cloudy throughout the day.,partly-cloudy-day,"03334099999,03318099999,03344099999,03323399999,03316099999,03321099999"
Manchester,2002-01-05,5.6,1.4,4.1,5.2,-2.3,1.5,3.5,96.4,1.186,100,4.17,rain,0,0,,18.1,175.6,1031.2,96.1,2.7,,,,,2002-01-05T08:24:02,2002-01-05T16:04:58,0.71,"Rain, Overcast",Cloudy skies throughout the day with afternoon rain.,rain,"03334099999,03318099999,03344099999,03323399999,03316099999,03321099999"
Manchester,2002-01-06,6.3,1.1,4.4,4.5,-0.7,2.7,3.9,96.5,0.112,100,12.5,rain,0,0,,13,163.2,1034.7,92.3,2.7,,,,,2002-01-06T08:23:37,2002-01-06T16:06:18,0.75,"Rain, Overcast",Cloudy skies throughout the day with a chance of rain throughout the day.,rain,"03334099999,03318099999,03344099999,03323399999,03316099999,03321099999"
Manchester,2002-01-07,6.4,5.6,6,6,3.1,4.4,5,93.7,0,0,0,,0,0,,14.1,165.5,1032.5,98.3,4.8,,,,,2002-01-07T08:23:08,2002-01-07T16:07:40,0.79,Overcast,Cloudy skies throughout the day.,cloudy,"03334099999,03318099999,03344099999,03323399999,03316099999,03321099999"
Manchester,2002-01-08,5.7,3.4,4.9,5.6,0.5,3.8,3.5,90.5,0,0,0,,0,0,,12.7,156.9,1032,97.3,6.8,,,,,2002-01-08T08:22:36,2002-01-08T16:09:04,0.82,Overcast,Cloudy skies throughout the day.,cloudy,"03334099999,03318099999,03344099999,03323399999,03316099999,03321099999"
Manchester,2002-01-09,3.9,2.1,3.1,3.7,-0.7,1,0.9,85.6,0,0,0,,0,0,,15.1,142.1,1032.4,92.4,6.6,,,,,2002-01-09T08:22:00,2002-01-09T16:10:31,0.86,Overcast,Cloudy skies throughout the day.,cloudy,"03334099999,03318099999,03344099999,03323399999,03316099999,03321099999"
Manchester,2002-01-10,3.9,2.8,3.4,3.7,0.8,2.6,2.5,94,0.035,100,4.17,rain,0,0,,8,129.8,1028.6,96.5,3.7,,,,,2002-01-10T08:21:21,2002-01-10T16:12:00,0.89,"Rain, Overcast",Cloudy skies throughout the day with late afternoon rain.,rain,"03334099999,03318099999,03344099999,03323399999,03316099999,03321099999"
Manchester,2002-01-11,7.8,-0.2,3.4,4.9,-3.3,0.6,2.2,92.1,0.801,100,12.5,rain,0,0,,20.8,186.8,1026,77.3,5.4,,,,,2002-01-11T08:20:38,2002-01-11T16:13:32,0.93,"Rain, Partially cloudy",Partly cloudy throughout the day with rain.,rain,"03334099999,03318099999,03344099999,03323399999,03316099999,03321099999"
Manchester,2002-01-12,8.1,4.9,6.7,5.1,1.8,3.3,4.5,85.8,0.35,100,4.17,rain,0,0,,29.4,164.1,1024,75.3,12.7,,,,,2002-01-12T08:19:52,2002-01-12T16:15:05,0.96,"Rain, Partially cloudy",Partly cloudy throughout the day with early morning rain.,rain,"03334099999,03318099999,03344099999,03323399999,03316099999,03321099999"
Manchester,2002-01-13,10.1,6.8,8.6,10.1,3.6,6,7.4,92.1,0.41,100,12.5,rain,0,0,,33.7,174.3,1019.1,66.9,8,,,,,2002-01-13T08:19:03,2002-01-13T16:16:41,0,"Rain, Partially cloudy",Partly cloudy throughout the day with rain.,rain,"03334099999,03318099999,03344099999,03323399999,03316099999,03321099999"
Manchester,2002-01-14,9.8,5.2,7.8,7.2,2.2,4.9,6.5,91.2,0.442,100,8.33,rain,0,0,,29,184.3,1017.5,68.3,14.6,,,,,2002-01-14T08:18:11,2002-01-14T16:18:19,0.03,"Rain, Partially cloudy",Partly cloudy throughout the day with rain.,rain,"03334099999,03318099999,03344099999,03323399999,03316099999,03321099999"
Manchester,2002-01-15,7.5,2.1,5,5.8,-1.1,2.2,2.8,86.2,1.829,100,8.33,rain,0,0,,18.4,234.8,1014.5,56.8,22.8,,,,,2002-01-15T08:17:15,2002-01-15T16:19:58,0.06,"Rain, Partially cloudy",Partly cloudy throughout the day with rain.,rain,"03334099999,03318099999,03344099999,03323399999,03316099999,03321099999"
Manchester,2002-01-16,9.3,2.4,6.4,6.5,-1.1,3.2,4.7,88.8,0.395,100,8.33,rain,0,0,,25.6,193.4,1016.3,82.8,22.5,,,,,2002-01-16T08:16:17,2002-01-16T16:21:39,0.1,"Rain, Partially cloudy",Partly cloudy throughout the day with rain in the morning and afternoon.,rain,"03334099999,03318099999,03344099999,03323399999,03316099999,03321099999"
Manchester,2002-01-17,9.3,3.7,7.5,6.2,1.2,4.6,5.3,85.4,1.693,100,8.33,rain,0,0,,25.7,213.2,1012.4,72.9,25.3,,,,,2002-01-17T08:15:15,2002-01-17T16:23:22,0.13,"Rain, Partially cloudy",Partly cloudy throughout the day with rain.,rain,"03334099999,03318099999,03344099999,03323399999,03316099999,03321099999"
Manchester,2002-01-18,7.6,1.1,4.5,4,-2.2,0.7,2.6,87.5,1.477,100,12.5,rain,0,0,,37,177,1011.7,66.2,21.1,,,,,2002-01-18T08:14:11,2002-01-18T16:25:07,0.16,"Rain, Partially cloudy",Partly cloudy throughout the day with rain.,rain,"03334099999,03318099999,03344099999,03323399999,03316099999,03321099999"
Manchester,2002-01-19,8.2,4.7,6.5,4.4,0.8,2.9,2.5,75.7,0.614,100,8.33,rain,0,0,,27.5,221.3,1006.7,48.9,28.3,,,,,2002-01-19T08:13:03,2002-01-19T16:26:52,0.19,"Rain, Partially cloudy",Partly cloudy throughout the day with rain.,rain,"03334099999,03318099999,03344099999,03323399999,03316099999,03321099999"
Manchester,2002-01-20,12.3,6.4,9.5,12.3,3,7.6,6.2,80.5,3.519,100,8.33,rain,0,0,,47.7,214,1004.1,79.5,28.3,,,,,2002-01-20T08:11:53,2002-01-20T16:28:40,0.23,"Rain, Partially cloudy",Partly cloudy throughout the day with rain in the morning and afternoon.,rain,"03334099999,03318099999,03344099999,03323399999,03316099999,03321099999"
Manchester,2002-01-21,12.4,9.2,11.3,12.4,5.9,11,8.5,83.3,0.272,100,12.5,rain,0,0,,35.6,189,1000.6,92,26.1,,,,,2002-01-21T08:10:40,2002-01-21T16:30:28,0.25,"Rain, Overcast",Cloudy skies throughout the day with rain.,rain,"03334099999,03318099999,03344099999,03323399999,03316099999,03321099999"
Manchester,2002-01-22,9.1,5.7,7.5,6.2,2.5,4,3.4,75.8,1.726,100,12.5,rain,0,0,,33.2,227.3,997.3,62.3,29.3,,,,,2002-01-22T08:09:24,2002-01-22T16:32:18,0.29,"Rain, Partially cloudy",Partly cloudy throughout the day with rain.,rain,"03334099999,03318099999,03344099999,03323399999,03316099999,03321099999"
Manchester,2002-01-23,11.1,7.1,9.2,11.1,3.8,6.7,7.2,87.3,3.327,100,12.5,rain,0,0,,33.4,168.4,984.4,91.3,18,,,,,2002-01-23T08:08:06,2002-01-23T16:34:09,0.32,"Rain, Overcast",Cloudy skies throughout the day with rain.,rain,"03334099999,03318099999,03344099999,03323399999,03316099999,03321099999"
Manchester,2002-01-24,9.1,2.1,6.5,7.3,0.6,3.3,2.8,78.4,0.789,100,8.33,rain,0,0,,28.8,289.8,995.9,76.9,28.4,,,,,2002-01-24T08:06:44,2002-01-24T16:36:01,0.36,"Rain, Partially cloudy",Partly cloudy throughout the day with rain.,rain,"03334099999,03318099999,03344099999,03323399999,03316099999,03321099999"
Manchester,2002-01-25,11.5,0.6,5.5,11.5,-2.7,2.5,3.5,87,4.009,100,8.33,rain,0,0,,39.1,168.9,1006.2,85,19.8,,,,,2002-01-25T08:05:21,2002-01-25T16:37:53,0.39,"Rain, Partially cloudy",Partly cloudy throughout the day with rain.,rain,"03334099999,03318099999,03344099999,03323399999,03316099999,03321099999"
Manchester,2002-01-26,10.4,8.2,8.9,10.4,4.1,5.6,4.7,75.6,4.435,100,8.33,rain,0,0,,36.2,219.1,993.4,76,24.4,,,,,2002-01-26T08:03:55,2002-01-26T16:39:47,0.42,"Rain, Partially cloudy",Partly cloudy throughout the day with rain.,rain,"03334099999,03318099999,03344099999,03323399999,03316099999,03321099999"
Manchester,2002-01-27,13.4,5.3,8.7,13.4,2.9,6.8,5.6,81.1,0,0,0,,0,0,,38.7,208.6,999,88.3,23.5,,,,,2002-01-27T08:02:26,2002-01-27T16:41:42,0.45,Partially cloudy,Partly cloudy throughout the day.,partly-cloudy-day,"03334099999,03318099999,03323399999,03344099999,03316099999,03321099999"
Manchester,2002-01-28,11.4,9.1,10.3,11.4,4.3,8.8,4.8,69.3,0,0,0,,0,0,,81.3,235.2,1004.2,77.4,26.4,,,,,2002-01-28T08:00:55,2002-01-28T16:43:37,0.5,Partially cloudy,Partly cloudy throughout the day.,wind,"03334099999,03318099999,03323399999,03344099999,03316099999,03321099999"
Manchester,2002-01-29,12.9,7.5,9.9,12.9,5,8.1,5.6,75,4.271,100,8.33,rain,0,0,,31.6,209.7,1014.2,77.7,23.8,,,,,2002-01-29T07:59:22,2002-01-29T16:45:33,0.52,"Rain, Partially cloudy",Partly cloudy throughout the day with rain.,rain,"03334099999,03318099999,03344099999,03323399999,03316099999,03321099999"
Manchester,2002-01-30,10.5,7.3,9.3,10.5,4.1,7.5,6.9,84.6,1.756,100,4.17,rain,0,0,,30.7,191.1,1007.2,82.5,21,,,,,2002-01-30T07:57:47,2002-01-30T16:47:29,0.55,"Rain, Partially cloudy",Partly cloudy throughout the day with afternoon rain.,rain,"03334099999,03318099999,03344099999,03323399999,03316099999,03321099999"
Manchester,2002-01-31,9.8,4.2,7.1,7,0.9,3.4,4.2,82.3,7.04,100,16.67,rain,0,0,,42.5,197,1005,79.1,26.7,,,,,2002-01-31T07:56:09,2002-01-31T16:49:26,0.59,"Rain, Partially cloudy",Partly cloudy throughout the day with a chance of rain throughout the day.,rain,"03334099999,03318099999,03344099999,03323399999,03316099999,03321099999"
Manchester,2002-02-01,13.2,5.4,10,13.2,1.7,8.7,6.9,81.3,3.045,100,12.5,rain,0,0,,55.7,192.6,998.5,88.4,27.8,,,,,2002-02-01T07:54:29,2002-02-01T16:51:23,0.62,"Rain, Partially cloudy",Partly cloudy throughout the day with rain.,rain,"03334099999,03318099999,03344099999,03323399999,03316099999,03321099999"
Manchester,2002-02-02,12.3,9,11,12.3,5.7,10.2,7.6,79.8,4.508,100,16.67,rain,0,0,,47.1,196.6,1001.3,91.5,28.8,,,,,2002-02-02T07:52:47,2002-02-02T16:53:21,0.66,"Rain, Overcast",Cloudy skies throughout the day with a chance of rain throughout the day.,rain,"03334099999,03318099999,03344099999,03323399999,03316099999,03321099999"
Manchester,2002-02-03,10.5,5.2,8.6,10.5,2.3,6.2,4.4,75.5,4.114,100,8.33,rain,0,0,,49.4,192.9,1000.2,86.2,29.8,,,,,2002-02-03T07:51:04,2002-02-03T16:55:19,0.69,"Rain, Partially cloudy",Partly cloudy throughout the day with rain in the morning and afternoon.,rain,"03334099999,03318099999,03323399999,03344099999,03316099999,03321099999"
Manchester,2002-02-04,11.8,2.6,6.7,11.8,-0.9,3.3,4.4,85.9,5.859,100,12.5,rain,0,0,,41.9,181,999.2,68.6,28.7,,,,,2002-02-04T07:49:18,2002-02-04T16:57:18,0.75,"Rain, Partially cloudy",Partly cloudy throughout the day with rain.,rain,"03334099999,03318099999,03344099999,03323399999,03316099999,03321099999"
Manchester,2002-02-05,9.4,5.7,7.6,6.3,1.9,3.9,4.4,80.5,1.88,100,12.5,rain,0,0,,37.4,196.4,989.3,64.2,22.7,,,,,2002-02-05T07:47:30,2002-02-05T16:59:16,0.76,"Rain, Partially cloudy",Partly cloudy throughout the day with rain.,rain,"03334099999,03318099999,03344099999,03323399999,03316099999,03321099999"
Manchester,2002-02-06,7.8,3.6,6.6,3.7,1.2,2.7,2.3,74.6,4.337,100,12.5,rain,0,0,,39,281.9,1002.9,64.5,23.7,,,,,2002-02-06T07:45:41,2002-02-06T17:01:15,0.8,"Rain, Partially cloudy",Partly cloudy throughout the day with rain.,rain,"03334099999,03318099999,03344099999,03323399999,03316099999,03321099999"
Manchester,2002-02-07,10.3,2.1,6.3,10.3,-1.4,3,4.2,87,1.362,100,4.17,rain,0,0,,40.3,194.4,1011.8,80.2,20.9,,,,,2002-02-07T07:43:50,2002-02-07T17:03:14,0.83,"Rain, Partially cloudy",Partly cloudy throughout the day with afternoon rain.,rain,"03334099999,03318099999,03344099999,03323399999,03316099999,03321099999"
Manchester,2002-02-08,12.1,7.7,10.1,12.1,5.2,8.6,7.6,84.3,2.702,100,8.33,rain,0,0,,37,209,1009.5,84.8,17.5,,,,,2002-02-08T07:41:57,2002-02-08T17:05:13,0.87,"Rain, Partially cloudy",Partly cloudy throughout the day with rain.,rain,"03334099999,03318099999,03344099999,03323399999,03316099999,03321099999"
Manchester,2002-02-09,11.4,6.7,8.9,11.4,3.1,6.1,3.2,67.6,4.82,100,12.5,rain,0,0,,39.2,234.1,998.4,65.3,30.7,,,,,2002-02-09T07:40:02,2002-02-09T17:07:12,0.9,"Rain, Partially cloudy",Partly cloudy throughout the day with rain.,rain,"03334099999,03318099999,03344099999,03323399999,03316099999,03321099999"
Manchester,2002-02-10,10.6,6.4,8.5,10.6,2.4,5.9,5.6,82.7,8.737,100,16.67,rain,0,0,,38.3,224.9,1001.3,87.2,19.1,,,,,2002-02-10T07:38:06,2002-02-10T17:09:11,0.94,"Rain, Partially cloudy",Partly cloudy throughout the day with a chance of rain throughout the day.,rain,"03334099999,03318099999,03344099999,03323399999,03316099999,03321099999"
Manchester,2002-02-11,13.4,9,11.4,13.4,5.7,11.3,7.6,78.2,13.695,100,12.5,rain,0,0,,36.5,229.9,994.4,61.6,32.4,,,,,2002-02-11T07:36:08,2002-02-11T17:11:10,0.97,"Rain, Partially cloudy",Partly cloudy throughout the day with a chance of rain throughout the day.,rain,"03334099999,03318099999,03344099999,03323399999,03316099999,03321099999"
Manchester,2002-02-12,11.8,6.8,9.6,11.8,4.9,8,4.1,69.2,4.537,100,8.33,rain,0,0,,30.9,245.6,1006,63.8,28.6,,,,,2002-02-12T07:34:09,2002-02-12T17:13:10,0,"Rain, Partially cloudy",Partly cloudy throughout the day with rain.,rain,"03334099999,03318099999,03344099999,03323399999,03316099999,03321099999"
Manchester,2002-02-13,7.1,4,5.8,4.7,0.1,2.5,2.3,78.6,1.916,100,12.5,rain,0,0,,32.1,5.9,1020,62.7,24.4,,,,,2002-02-13T07:32:08,2002-02-13T17:15:08,0.04,"Rain, Partially cloudy",Partly cloudy throughout the day with a chance of rain throughout the day.,rain,"03334099999,03318099999,03344099999,03323399999,03316099999,03321099999"
Manchester,2002-02-14,7.1,1.5,3.8,5.8,-1.8,1.5,-0.7,73.8,0.035,100,4.17,rain,0,0,,13.7,352.9,1033.6,47.2,35.2,,,,,2002-02-14T07:30:06,2002-02-14T17:17:07,0.07,"Rain, Partially cloudy",Becoming cloudy in the afternoon with afternoon rain.,rain,"03334099999,03318099999,03344099999,03323399999,03316099999,03321099999"
Manchester,2002-02-15,8.3,0.3,3.9,7.6,-1.7,3.1,2.1,88.3,0.021,100,4.17,rain,0,0,,8.2,211.3,1035.4,60.6,12.5,,,,,2002-02-15T07:28:03,2002-02-15T17:19:06,0.11,"Rain, Partially cloudy",Partly cloudy throughout the day with afternoon rain.,rain,"03334099999,03318099999,03344099999,03323399999,03316099999,03321099999"
Manchester,2002-02-16,7.2,3,4.6,5.4,-0.3,3.2,3.5,92.8,0,0,0,,0,0,,12.8,198.7,1031.7,83.9,4.2,,,,,2002-02-16T07:25:58,2002-02-16T17:21:05,0.14,Partially cloudy,Partly cloudy throughout the day.,partly-cloudy-day,"03334099999,03318099999,03344099999,03323399999,03316099999,03321099999"
Manchester,2002-02-17,9.6,2.7,5.9,7.1,-0.5,3.1,3.5,85.2,0.346,100,8.33,rain,0,0,,18.9,230.4,1020.8,87.7,17.3,,,,,2002-02-17T07:23:52,2002-02-17T17:23:03,0.17,"Rain, Partially cloudy",Partly cloudy throughout the day with rain.,rain,"03334099999,03318099999,03344099999,03323399999,03316099999,03321099999"
Manchester,2002-02-18,8,3.9,6.1,4.5,0.5,2.4,2.6,79,0.292,100,8.33,rain,0,0,,40.7,260.8,1020.5,68.6,25.7,,,,,2002-02-18T07:21:45,2002-02-18T17:25:01,0.21,"Rain, Partially cloudy",Partly cloudy throughout the day with rain.,rain,"03334099999,03318099999,03344099999,03323399999,03316099999,03321099999"
Manchester,2002-02-19,10.6,7.8,8.6,10.6,3.6,5.1,6,84.2,7.21,100,12.5,rain,0,0,,39.6,254.8,1012,91.6,14.5,,,,,2002-02-19T07:19:37,2002-02-19T17:26:59,0.24,"Rain, Overcast",Cloudy skies throughout the day with rain.,rain,"03334099999,03318099999,03344099999,03323399999,03316099999,03321099999"
Manchester,2002-02-20,10.2,3.7,6.7,10.2,-1.1,2.3,2.1,73,10.863,100,12.5,rain,0,0,,42.3,294.9,999,67.2,28.5,,,,,2002-02-20T07:17:27,2002-02-20T17:28:57,0.25,"Rain, Partially cloudy",Partly cloudy throughout the day with rain.,rain,"03334099999,03318099999,03344099999,03323399999,03316099999,03321099999"
Manchester,2002-02-21,9.9,0.7,4.3,6.7,-3,0.1,1.6,82.8,1.41,100,12.5,rain,0,0,,35,213.2,1014.1,80.1,24.3,,,,,2002-02-21T07:15:16,2002-02-21T17:30:54,0.3,"Rain, Partially cloudy",Partly cloudy throughout the day with rain.,rain,"03334099999,03318099999,03344099999,03323399999,03316099999,03321099999"
Manchester,2002-02-22,10.4,2.9,7.4,10.4,-3.1,3.5,3.5,76.8,7.178,100,12.5,rain,0,0,,38.6,264.2,998.3,77.2,20.4,,,,,2002-02-22T07:13:05,2002-02-22T17:32:51,0.34,"Rain, Partially cloudy",Partly cloudy throughout the day with a chance of rain throughout the day.,rain,"03334099999,03318099999,03344099999,03323399999,03316099999,03321099999"
Manchester,2002-02-23,5.3,2.2,3.8,-0.1,-4.2,-1.8,-1,71.1,1.077,100,12.5,rain,0,0,,49.7,284.3,1000.1,62.2,19.4,,,,,2002-02-23T07:10:52,2002-02-23T17:34:48,0.37,"Rain, Partially cloudy",Partly cloudy throughout the day with a chance of rain throughout the day.,rain,"03334099999,03318099999,03344099999,03323399999,03316099999,03321099999"
Manchester,2002-02-24,4.8,1.2,3.3,2.8,-2.6,0.2,1.5,88.7,1.603,100,12.5,rain,0,0,,22.8,207.9,1006.8,83.4,15.7,,,,,2002-02-24T07:08:38,2002-02-24T17:36:45,0.4,"Rain, Partially cloudy",Partly cloudy throughout the day with rain.,rain,"03334099999,03318099999,03344099999,03323399999,03316099999,03321099999"
Manchester,2002-02-25,10.7,4.1,8.1,10.7,3.1,6.5,6.8,91.4,11.811,100,16.67,rain,0,0,,32.6,194.6,993.2,92.7,15.9,,,,,2002-02-25T07:06:24,2002-02-25T17:38:41,0.44,"Rain, Overcast",Cloudy skies throughout the day with a chance of rain throughout the day.,rain,"03334099999,03318099999,03344099999,03323399999,03316099999,03321099999"
Manchester,2002-02-26,10.5,4.5,7.4,10.5,-0.4,3.3,3.3,76.3,10.614,100,12.5,rain,0,0,,56.3,235,982.7,72.3,22,,,,,2002-02-26T07:04:09,2002-02-26T17:40:37,0.47,"Rain, Partially cloudy",Partly cloudy throughout the day with a chance of rain throughout the day.,rain,"03334099999,03318099999,03344099999,03323399999,03316099999,03321099999"
Manchester,2002-02-27,7.3,3.3,4.9,2.9,-2.1,-0.2,-1.7,63.4,0.494,100,8.33,rain,0,0,,37.2,229.9,989,50.4,38,,,,,2002-02-27T07:01:52,2002-02-27T17:42:33,0.5,"Rain, Partially cloudy",Partly cloudy throughout the day with rain clearing later.,rain,"03334099999,03318099999,03344099999,03323399999,03316099999,03321099999"
Manchester,2002-02-28,6.8,2.5,4.2,2.9,-2.5,0.1,0.6,78.2,5.669,100,16.67,rain,0,0,,36.6,243.2,993.3,61.2,22.5,,,,,2002-02-28T06:59:35,2002-02-28T17:44:28,0.54,"Rain, Partially cloudy",Becoming cloudy in the afternoon with a chance of rain throughout the day.,rain,"03334099999,03318099999,03344099999,03323399999,03316099999,03321099999"
Manchester,2002-03-01,7.7,1.7,4.1,4.4,-2.1,0.6,-0.9,71.2,0.301,100,8.33,rain,0,0,,25.2,29.3,1013.4,32.8,33.4,,,,,2002-03-01T06:57:18,2002-03-01T17:46:24,0.57,"Rain, Partially cloudy",Partly cloudy throughout the day with rain.,rain,"03334099999,03318099999,03344099999,03323399999,03316099999,03321099999"
Manchester,2002-03-02,6.9,-1.7,3.3,4.7,-3.9,0.8,1.6,88.5,0.104,100,4.17,rain,0,0,,17.6,266.9,1018.5,75.5,19.5,,,,,2002-03-02T06:54:59,2002-03-02T17:48:18,0.61,"Rain, Partially cloudy",Partly cloudy throughout the day with late afternoon rain.,rain,"03334099999,03318099999,03344099999,03323399999,03316099999,03321099999"
Manchester,2002-03-03,8.7,5.8,7.2,6,3.5,4.8,5.1,86.3,0.159,100,4.17,rain,0,0,,26.1,271.7,1019.1,87,17,,,,,2002-03-03T06:52:40,2002-03-03T17:50:13,0.64,"Rain, Partially cloudy",Partly cloudy throughout the day with early morning rain.,rain,"03334099999,03318099999,03344099999,03323399999,03316099999,03321099999"
Manchester,2002-03-04,8.5,6.5,7.4,6.2,3.8,5.1,4.1,79.9,0,0,0,,0,0,,17.7,236.5,1017.5,90.3,27,,,,,2002-03-04T06:50:20,2002-03-04T17:52:07,0.67,Overcast,Cloudy skies throughout the day.,cloudy,"03334099999,03318099999,03344099999,03323399999,03316099999,03321099999"
Manchester,2002-03-05,10.4,3.4,7.2,10.4,1.3,4.7,2.8,74.8,0.129,100,4.17,rain,0,0,,33,242.6,1012.8,69.3,25.1,,,,,2002-03-05T06:48:00,2002-03-05T17:54:01,0.71,"Rain, Partially cloudy",Partly cloudy throughout the day with morning rain.,rain,"03334099999,03318099999,03344099999,03323399999,03316099999,03321099999"
Manchester,2002-03-06,12.4,7.3,10.1,12.4,3.1,8.3,6.2,77.2,2.547,100,8.33,rain,0,0,,42.9,252.7,1002.3,88.1,26.3,,,,,2002-03-06T06:45:39,2002-03-06T17:55:55,0.75,"Rain, Partially cloudy",Partly cloudy throughout the day with rain in the morning and afternoon.,rain,"03334099999,03318099999,03323399999,03344099999,03316099999,03321099999"
Manchester,2002-03-07,11.2,7,9.3,11.2,4.6,7.1,3.4,67.1,0.044,100,4.17,rain,0,0,,44.2,274.7,1015.8,46.5,23.5,,,,,2002-03-07T06:43:17,2002-03-07T17:57:48,0.78,"Rain, Partially cloudy",Partly cloudy throughout the day with early morning rain.,rain,"03334099999,03318099999,03344099999,03323399999,03316099999,03321099999"
Manchester,2002-03-08,11.1,4.4,8.9,11.1,1.4,6.9,6,82.5,0,0,0,,0,0,,34.6,216.8,1018.4,81.7,22.6,,,,,2002-03-08T06:40:55,2002-03-08T17:59:42,0.81,Partially cloudy,Partly cloudy throughout the day.,partly-cloudy-day,"03334099999,03318099999,03344099999,03323399999,03316099999,03321099999"
Manchester,2002-03-09,6.1,1.9,4,1.8,-2.2,-0.3,1.4,83.6,4.537,100,8.33,rain,0,0,,43.2,228.1,1008.1,64,25,,,,,2002-03-09T06:38:33,2002-03-09T18:01:34,0.84,"Rain, Partially cloudy",Partly cloudy throughout the day with rain.,rain,"03334099999,03318099999,03344099999,03323399999,03316099999,03321099999"
Manchester,2002-03-10,9.9,1.8,6.3,5.3,-1.9,1.8,2.3,76.1,2.822,100,12.5,rain,0,0,,51,200.4,1003.3,85.5,23.6,,,,,2002-03-10T06:36:10,2002-03-10T18:03:27,0.88,"Rain, Partially cloudy",Partly cloudy throughout the day with rain.,rain,"03334099999,03318099999,03323399999,03344099999,03316099999,03321099999"
Manchester,2002-03-11,9.8,3.5,6.1,7.2,-0.8,3.1,3,80.9,1.363,100,4.17,rain,0,0,,22.6,209.8,1007.1,49.6,32.8,,,,,2002-03-11T06:33:46,2002-03-11T18:05:20,0.91,"Rain, Partially cloudy",Partly cloudy throughout the day with early morning rain.,rain,"03334099999,03318099999,03344099999,03323399999,03316099999,03321099999"
Manchester,2002-03-12,9.5,0.1,5.4,8.7,-2.4,3.8,2.1,80.2,0,0,0,,0,0,,25.3,13.7,1015.7,64.3,24.3,,,,,2002-03-12T06:31:22,2002-03-12T18:07:12,0.95,Partially cloudy,Partly cloudy throughout the day.,partly-cloudy-day,"03334099999,03318099999,03323399999,03344099999,03316099999,03321099999"
Manchester,2002-03-13,8.7,2.9,5.3,5.4,-1,1.2,-1,65.2,0,0,0,,0,0,,49.8,63.7,1020.1,35.6,29.7,,,,,2002-03-13T06:28:58,2002-03-13T18:09:04,0.98,Partially cloudy,Clearing in the afternoon.,wind,"03334099999,03318099999,03323399999,03344099999,03316099999,03321099999"
Manchester,2002-03-14,7.4,2.3,4.7,2.4,-3.3,-0.5,-1.3,65.6,0,0,0,,0,0,,42.3,79.4,1014.7,60.4,29.1,,,,,2002-03-14T06:26:34,2002-03-14T18:10:55,0,Partially cloudy,Partly cloudy throughout the day.,partly-cloudy-day,"03334099999,03318099999,03323399999,03344099999,03316099999,03321099999"
Manchester,2002-03-15,5.6,3.7,4.6,2.6,-2.6,-0.3,2.3,85.7,2.799,100,8.33,rain,0,0,,42,84,1007.3,95.6,13.7,,,,,2002-03-15T06:24:09,2002-03-15T18:12:47,0.05,"Rain, Overcast",Cloudy skies throughout the day with rain.,rain,"03334099999,03318099999,03323399999,03344099999,03316099999,03321099999"
Manchester,2002-03-16,12.5,5.5,9.1,12.5,3.1,7.7,6.5,83.9,1.567,100,12.5,rain,0,0,,23.6,156.8,1007.2,73.3,16,,,,,2002-03-16T06:21:44,2002-03-16T18:14:38,0.08,"Rain, Partially cloudy",Partly cloudy throughout the day with a chance of rain throughout the day.,rain,"03334099999,03318099999,03344099999,03323399999,03316099999,03321099999"
Manchester,2002-03-17,12.4,6.2,9.2,12.4,4.1,7.5,6.6,84.3,0.656,100,12.5,rain,0,0,,31.6,151,1002.6,76.6,12.7,,,,,2002-03-17T06:19:19,2002-03-17T18:16:29,0.12,"Rain, Partially cloudy",Partly cloudy throughout the day with rain.,rain,"03334099999,03318099999,03344099999,03323399999,03316099999,03321099999"
Manchester,2002-03-18,8.8,5.6,7.4,6.2,3.3,4.6,5.5,88.1,3.128,100,12.5,rain,0,0,,36.7,111.7,993,82.1,14,,,,,2002-03-18T06:16:54,2002-03-18T18:18:20,0.15,"Rain, Partially cloudy",Partly cloudy throughout the day with rain.,rain,"03334099999,03318099999,03344099999,03323399999,03316099999,03321099999"
Manchester,2002-03-19,10.8,4.2,7.6,10.8,1.4,5.9,5.2,85.9,0.412,100,8.33,rain,0,0,,15.3,221.4,1000.7,77.7,16.9,,,,,2002-03-19T06:14:28,2002-03-19T18:20:11,0.18,"Rain, Partially cloudy",Partly cloudy throughout the day with rain.,rain,"03334099999,03318099999,03323399999,03344099999,03316099999,03321099999"
Manchester,2002-03-20,12.1,8.5,9.9,12.1,5.9,8.7,7.4,85.1,1.96,100,8.33,rain,0,0,,18.3,228.9,1009.4,86.5,15.2,,,,,2002-03-20T06:12:03,2002-03-20T18:22:01,0.22,"Rain, Partially cloudy",Partly cloudy throughout the day with rain.,rain,"03334099999,03318099999,03344099999,03323399999,03316099999,03321099999"
Manchester,2002-03-21,13.6,8.4,10.6,13.6,6,9.6,7.2,80.2,1.647,100,8.33,rain,0,0,,28.8,252,1017,64.6,22.2,,,,,2002-03-21T06:09:37,2002-03-21T18:23:52,0.25,"Rain, Partially cloudy",Partly cloudy throughout the day with rain clearing later.,rain,"03334099999,03318099999,03323399999,03344099999,03316099999,03321099999"
Manchester,2002-03-22,13.3,9,10.8,13.3,6.4,9.9,8.1,83.5,0.932,100,8.33,rain,0,0,,24.3,294.1,1025.6,87.3,15.7,,,,,2002-03-22T06:07:11,2002-03-22T18:25:42,0.25,"Rain, Partially cloudy",Partly cloudy throughout the day with rain clearing later.,rain,"03334099999,03318099999,03344099999,03323399999,03316099999,03321099999"
Manchester,2002-03-23,11.5,5.6,8.4,11.5,3.6,6.9,4.7,77.9,0,0,0,,0,0,,20.7,135.3,1031.8,83,18.5,,,,,2002-03-23T06:04:45,2002-03-23T18:27:32,0.32,Partially cloudy,Partly cloudy throughout the day.,partly-cloudy-day,"03334099999,03318099999,03344099999,03323399999,03316099999,03321099999"
Manchester,2002-03-24,11,6,8.5,11,2.6,6.3,3.9,73.1,0,0,0,,0,0,,21.8,159.2,1031.3,94,15.6,,,,,2002-03-24T06:02:19,2002-03-24T18:29:22,0.35,Overcast,Cloudy skies throughout the day.,cloudy,"03334099999,03318099999,03344099999,03323399999,03316099999,03321099999"
Manchester,2002-03-25,9.3,6.6,8.1,8.4,4.9,6.3,5.8,85.9,1.482,100,16.67,rain,0,0,,15.6,233.1,1028.9,89.8,9.4,,,,,2002-03-25T05:59:53,2002-03-25T18:31:12,0.39,"Rain, Partially cloudy",Partly cloudy throughout the day with a chance of rain throughout the day.,rain,"03334099999,03318099999,03344099999,03323399999,03316099999,03321099999"
Manchester,2002-03-26,12,0.9,6.4,12,0.3,5.5,1.6,73.3,0.129,100,4.17,rain,0,0,,18.2,189,1032.1,38,21.4,,,,,2002-03-26T05:57:28,2002-03-26T18:33:02,0.42,"Rain, Partially cloudy",Partly cloudy throughout the day with early morning rain.,rain,"03334099999,03318099999,03344099999,03323399999,03316099999,03321099999"
Manchester,2002-03-27,13.9,3,7.8,13.9,-0.2,6.3,1.8,67.7,0.021,100,4.17,rain,0,0,,19.2,174.2,1030.8,38.2,15.2,,,,,2002-03-27T05:55:02,2002-03-27T18:34:52,0.46,"Rain, Partially cloudy",Partly cloudy throughout the day with afternoon rain.,rain,"03334099999,03318099999,03344099999,03323399999,03316099999,03321099999"
Manchester,2002-03-28,12.3,3.2,7.5,12.3,0.7,5.9,1.3,66.3,0,0,0,,0,0,,18.1,151.9,1026.9,35.9,7.5,,,,,2002-03-28T05:52:36,2002-03-28T18:36:41,0.5,Partially cloudy,Partly cloudy throughout the day.,partly-cloudy-day,"03334099999,03318099999,03344099999,03323399999,03316099999,03321099999"
Manchester,2002-03-29,14.8,3,8.5,14.8,0.7,7.5,0.9,60.7,0.056,100,4.17,rain,0,0,,18,124.2,1021.1,19.6,6.9,,,,,2002-03-29T05:50:11,2002-03-29T18:38:31,0.52,Rain,Clear conditions throughout the day with afternoon rain.,rain,"03334099999,03318099999,03344099999,03323399999,03316099999,03321099999"
Manchester,2002-03-30,15.1,5,9.9,15.1,2.9,9,2.5,61.5,0,0,0,,0,0,,19.2,197.9,1017.1,36.4,9.3,,,,,2002-03-30T05:47:45,2002-03-30T18:40:20,0.56,Partially cloudy,Partly cloudy throughout the day.,partly-cloudy-day,"03334099999,03318099999,03344099999,03323399999,03316099999,03321099999"
Manchester,2002-03-31,12.5,7.8,10.3,12.5,4.6,9,7,80.4,0.396,100,12.5,rain,0,0,,25.4,191.6,1011.2,87.9,21.1,,,,,2002-03-31T06:45:20,2002-03-31T19:42:10,0.59,"Rain, Partially cloudy",Partly cloudy throughout the day with rain.,rain,"03334099999,03318099999,03344099999,03323399999,03316099999,03321099999"
Manchester,2002-04-01,12.8,4.7,9.7,12.8,3.6,8.8,6.7,82.4,0.965,100,8.33,rain,0,0,,31.8,189.4,1009.8,78.5,26.1,,,,,2002-04-01T06:42:55,2002-04-01T19:43:59,0.62,"Rain, Partially cloudy",Partly cloudy throughout the day with rain.,rain,"03334099999,03318099999,03344099999,03323399999,03316099999,03321099999"
Manchester,2002-04-02,14.4,2.5,8.8,14.4,-0.5,7.8,5.7,82.1,0.248,100,12.5,rain,0,0,,27.4,122.6,1009.2,71.6,9.3,,,,,2002-04-02T06:40:31,2002-04-02T19:45:49,0.66,"Rain, Partially cloudy",Partly cloudy throughout the day with a chance of rain throughout the day.,rain,"03334099999,03318099999,03344099999,03323399999,03316099999,03321099999"
Manchester,2002-04-03,17.7,7.9,12.9,17.7,6.2,12.6,7.5,70.6,0.763,100,8.33,rain,0,0,,23.7,93.5,1005.9,59.8,9.9,,,,,2002-04-03T06:38:06,2002-04-03T19:47:38,0.69,"Rain, Partially cloudy",Partly cloudy throughout the day with rain clearing later.,rain,"03334099999,03318099999,03344099999,03323399999,03316099999,03321099999"
Manchester,2002-04-04,16.7,5.8,9.9,16.7,4.5,9,6.8,82.2,0.045,100,4.17,rain,0,0,,14.4,331.9,1010.6,40.1,6.1,,,,,2002-04-04T06:35:42,2002-04-04T19:49:28,0.75,"Rain, Partially cloudy",Clearing in the afternoon with morning rain.,rain,"03334099999,03318099999,03344099999,03323399999,03316099999,03321099999"
Manchester,2002-04-05,14.9,5.1,9.4,14.9,1.6,7.3,2.9,65.3,0.021,100,4.17,rain,0,0,,39.9,73,1009.3,12.7,7.1,,,,,2002-04-05T06:33:19,2002-04-05T19:51:17,0.76,Rain,Clear conditions throughout the day with morning rain.,rain,"03334099999,03318099999,03344099999,03323399999,03316099999,03321099999"
Manchester,2002-04-06,12.2,4.6,8,12.2,0.8,4.9,-1,56.5,0,0,0,,0,0,,40.1,78.3,1020,20,24.3,,,,,2002-04-06T06:30:55,2002-04-06T19:53:06,0.79,Clear,Partly cloudy throughout the day.,clear-day,"03334099999,03318099999,03344099999,03323399999,03316099999,03321099999"
Manchester,2002-04-07,13.3,0.7,7,13.3,-1.8,5.8,0.4,64.8,0,0,0,,0,0,,14.4,63.8,1024.9,10.2,23.9,,,,,2002-04-07T06:28:32,2002-04-07T19:54:56,0.82,Clear,Clear conditions throughout the day.,clear-day,"03334099999,03318099999,03344099999,03323399999,03316099999,03321099999"
Manchester,2002-04-08,12.6,0.6,7.1,12.6,-2.4,6.3,1.6,69.3,0.056,100,4.17,rain,0,0,,26.7,13.1,1025.6,41.5,12.2,,,,,2002-04-08T06:26:10,2002-04-08T19:56:45,0.86,"Rain, Partially cloudy",Becoming cloudy in the afternoon with afternoon rain.,rain,"03334099999,03318099999,03344099999,03323399999,03316099999,03321099999"
Manchester,2002-04-09,12.4,3.3,8,12.4,1.3,6.9,2.3,68.6,0,0,0,,0,0,,21.1,46.3,1026.3,59.2,15.3,,,,,2002-04-09T06:23:48,2002-04-09T19:58:34,0.89,Partially cloudy,Partly cloudy throughout the day.,partly-cloudy-day,"03334099999,03318099999,03323399999,03344099999,03316099999,03321099999"
Manchester,2002-04-10,11.9,4.3,7.9,11.9,1.2,5.9,0.4,60.6,0,0,0,,0,0,,22.1,57.5,1024.3,39.1,16.2,,,,,2002-04-10T06:21:26,2002-04-10T20:00:24,0.92,Partially cloudy,Partly cloudy throughout the day.,partly-cloudy-day,"03334099999,03318099999,03344099999,03323399999,03316099999,03321099999"
Manchester,2002-04-11,11.8,2.3,7.6,11.8,-0.9,6.2,0.7,63.2,0,0,0,,0,0,,13.8,42.7,1014.9,48.1,9.9,,,,,2002-04-11T06:19:05,2002-04-11T20:02:13,0.96,Partially cloudy,Becoming cloudy in the afternoon.,partly-cloudy-day,"03334099999,03318099999,03344099999,03323399999,03316099999,03321099999"
Manchester,2002-04-12,10.7,4,7.1,10.7,2.8,5,1.6,68.6,0.164,100,4.17,rain,0,0,,40.9,25.2,1012,71.2,13.8,,,,,2002-04-12T06:16:45,2002-04-12T20:04:03,0,"Rain, Partially cloudy",Partly cloudy throughout the day with late afternoon rain.,rain,"03334099999,03318099999,03344099999,03323399999,03316099999,03321099999"
Manchester,2002-04-13,9.8,1.9,6.1,8,-0.9,3.8,-0.3,65.2,0.104,100,4.17,snow,0,0,,18.6,339.5,1013.8,46.7,39,,,,,2002-04-13T06:14:25,2002-04-13T20:05:52,0.02,"Snow, Rain, Partially cloudy",Becoming cloudy in the afternoon with morning rain or snow.,rain,"03334099999,03318099999,03344099999,03323399999,03316099999,03321099999"
Manchester,2002-04-14,9.1,3.2,6.6,7.3,0.8,5,3.1,78.8,0.021,100,4.17,rain,0,0,,12.4,253.9,1013.2,88.5,19.7,,,,,2002-04-14T06:12:06,2002-04-14T20:07:41,0.06,"Rain, Partially cloudy",Partly cloudy throughout the day with afternoon rain.,rain,"03334099999,03318099999,03344099999,03323399999,03316099999,03321099999"
Manchester,2002-04-15,12,3.7,8.2,12,2.4,6.9,-0.2,58.2,0.044,100,4.17,rain,0,0,,14.5,304.8,1016.8,39.3,36.4,,,,,2002-04-15T06:09:47,2002-04-15T20:09:31,0.09,"Rain, Partially cloudy",Clearing in the afternoon with early morning rain.,rain,"03334099999,03318099999,03344099999,03323399999,03316099999,03321099999"
Manchester,2002-04-16,13.2,0.8,8.2,13.2,-0.9,7.6,0.5,59.8,0,0,0,,0,0,,14.8,176.4,1016.4,42,35.7,,,,,2002-04-16T06:07:30,2002-04-16T20:11:20,0.13,Partially cloudy,Partly cloudy throughout the day.,partly-cloudy-day,"03334099999,03318099999,03344099999,03323399999,03316099999,03321099999"
Manchester,2002-04-17,14.2,4.2,9.8,14.2,2.2,8.9,3.4,65.5,0,0,0,,0,0,,22.2,151,1012.9,73.5,22.2,,,,,2002-04-17T06:05:13,2002-04-17T20:13:09,0.16,Partially cloudy,Partly cloudy throughout the day.,partly-cloudy-day,"03334099999,03318099999,03323399999,03344099999,03316099999,03321099999"
Manchester,2002-04-18,9,5.6,7.5,5.8,2,4.4,4.2,79.8,5.442,100,12.5,rain,0,0,,33.2,203.2,1012,82.4,27.7,,,,,2002-04-18T06:02:56,2002-04-18T20:14:59,0.2,"Rain, Partially cloudy",Partly cloudy throughout the day with rain.,rain,"03334099999,03318099999,03344099999,03323399999,03316099999,03321099999"
Manchester,2002-04-19,13.9,5.5,9.7,13.9,4.5,9.3,4.5,72.5,0.279,100,8.33,rain,0,0,,9.1,285.3,1020.4,63.3,12.4,,,,,2002-04-19T06:00:41,2002-04-19T20:16:48,0.23,"Rain, Partially cloudy",Partly cloudy throughout the day with rain.,rain,"03334099999,03318099999,03344099999,03323399999,03316099999,03321099999"
Manchester,2002-04-20,14.2,6.5,11.1,14.2,4.8,10.5,6.2,71.9,0.031,100,4.17,rain,0,0,,26.4,168.5,1026.9,77.3,21.4,,,,,2002-04-20T05:58:26,2002-04-20T20:18:37,0.25,"Rain, Partially cloudy",Partly cloudy throughout the day with afternoon rain.,rain,"03334099999,03318099999,03344099999,03323399999,03316099999,03321099999"
Manchester,2002-04-21,18.1,9.7,13.1,18.1,6.7,12.5,7.6,70.9,2.807,100,16.67,rain,0,0,,30.7,176.9,1028.9,85.1,28.3,,,,,2002-04-21T05:56:12,2002-04-21T20:20:26,0.3,"Rain, Partially cloudy",Partly cloudy throughout the day with a chance of rain throughout the day.,rain,"03334099999,03318099999,03344099999,03323399999,03316099999,03321099999"
Manchester,2002-04-22,15.7,11.4,13.3,15.7,11.4,13.3,9.2,76.6,0.085,100,8.33,rain,0,0,,30.7,219.5,1027.2,80.2,29.7,,,,,2002-04-22T05:54:00,2002-04-22T20:22:15,0.34,"Rain, Partially cloudy",Partly cloudy throughout the day with rain in the morning and afternoon.,rain,"03334099999,03318099999,03344099999,03323399999,03316099999,03321099999"
Manchester,2002-04-23,16.1,10.1,12.9,16.1,10.1,12.9,10.3,84.3,0,0,0,,0,0,,15.7,255.1,1030.6,74.6,19.6,,,,,2002-04-23T05:51:48,2002-04-23T20:24:04,0.37,Partially cloudy,Partly cloudy throughout the day.,partly-cloudy-day,"03334099999,03318099999,03344099999,03323399999,03316099999,03321099999"
Manchester,2002-04-24,18.1,7.9,12.4,18.1,6.5,12,9,80.8,0,0,0,,0,0,,13.7,206.3,1026.5,49.3,21.4,,,,,2002-04-24T05:49:37,2002-04-24T20:25:53,0.41,Partially cloudy,Clearing in the afternoon.,partly-cloudy-day,"03334099999,03318099999,03344099999,03323399999,03316099999,03321099999"
Manchester,2002-04-25,13.4,9.1,10.9,13.4,6.9,10.1,5.9,72.4,0.035,100,4.17,rain,0,0,,18.9,276.6,1022.2,72.1,27.5,,,,,2002-04-25T05:47:27,2002-04-25T20:27:42,0.44,"Rain, Partially cloudy",Partly cloudy throughout the day with morning rain.,rain,"03334099999,03318099999,03344099999,03323399999,03316099999,03321099999"
Manchester,2002-04-26,10.8,6.7,8.7,10.8,3,5.5,4.6,76.3,3.668,100,8.33,rain,0,0,,39,248.4,1004.5,76.9,23.8,,,,,2002-04-26T05:45:19,2002-04-26T20:29:30,0.48,"Rain, Partially cloudy",Partly cloudy throughout the day with rain in the morning and afternoon.,rain,"03334099999,03318099999,03344099999,03323399999,03316099999,03321099999"
Manchester,2002-04-27,10.5,5,7.8,10.5,0.1,4.9,3.8,76.6,1.784,100,8.33,rain,0,0,,29.1,253,1005.5,75.9,23.1,,,,,2002-04-27T05:43:11,2002-04-27T20:31:19,0.5,"Rain, Partially cloudy",Partly cloudy throughout the day with rain in the morning and afternoon.,rain,"03334099999,03318099999,03344099999,03323399999,03316099999,03321099999"
Manchester,2002-04-28,11.4,4.9,8.2,11.4,0.3,5.2,4.8,80.1,11.862,100,12.5,rain,0,0,,34.8,224.8,989.1,79.9,25.8,,,,,2002-04-28T05:41:05,2002-04-28T20:33:07,0.54,"Rain, Partially cloudy",Partly cloudy throughout the day with a chance of rain throughout the day.,rain,"03334099999,03318099999,03344099999,03323399999,03316099999,03321099999"
Manchester,2002-04-29,11.3,4.8,7.7,11.3,-0.5,4.4,3.3,74.2,7.12,100,12.5,rain,0,0,,39.7,256.4,994.2,70.3,22.6,,,,,2002-04-29T05:38:59,2002-04-29T20:34:55,0.58,"Rain, Partially cloudy",Partly cloudy throughout the day with rain.,rain,"03334099999,03318099999,03344099999,03323399999,03316099999,03321099999"
Manchester,2002-04-30,13.6,5.7,9.1,13.6,2.3,7.2,4.6,75.6,6.593,100,12.5,rain,0,0,,41.1,208.1,992.7,82.7,26.8,,,,,2002-04-30T05:36:56,2002-04-30T20:36:43,0.61,"Rain, Partially cloudy",Partly cloudy throughout the day with rain.,rain,"03334099999,03318099999,03344099999,03323399999,03316099999,03321099999"
Manchester,2002-05-01,11.7,6.3,8.2,11.7,2.6,5.9,4.6,78.8,1.461,100,8.33,rain,0,0,,28.7,244.9,997.5,73.8,25.5,,,,,2002-05-01T05:34:53,2002-05-01T20:38:30,0.64,"Rain, Partially cloudy",Partly cloudy throughout the day with rain in the morning and afternoon.,rain,"03334099999,03318099999,03344099999,03323399999,03316099999,03321099999"
Manchester,2002-05-02,13,5.7,9.2,13,4.7,8.7,4.4,74.3,0.281,100,4.17,rain,0,0,,21,292.6,1009.1,56.7,30,,,,,2002-05-02T05:32:52,2002-05-02T20:40:17,0.67,"Rain, Partially cloudy",Partly cloudy throughout the day with afternoon rain.,rain,"03334099999,03318099999,03344099999,03323399999,03316099999,03321099999"
Manchester,2002-05-03,11.2,6.6,8.7,11.2,4.5,7.4,5.5,81.3,0.104,100,4.17,rain,0,0,,17.7,293.8,1018.4,78.1,18.8,,,,,2002-05-03T05:30:52,2002-05-03T20:42:04,0.71,"Rain, Partially cloudy",Partly cloudy throughout the day with late afternoon rain.,rain,"03334099999,03318099999,03344099999,03323399999,03316099999,03321099999"
Manchester,2002-05-04,13,4.4,9.4,13,3.7,8.8,4,70.6,0,0,0,,0,0,,14.1,80.5,1023.3,67.9,21.2,,,,,2002-05-04T05:28:54,2002-05-04T20:43:50,0.75,Partially cloudy,Partly cloudy throughout the day.,partly-cloudy-day,"03334099999,03318099999,03344099999,03323399999,03316099999,03321099999"
Manchester,2002-05-05,14.6,4.3,10.2,14.6,2.4,9.3,1.9,59.2,0.021,100,4.17,rain,0,0,,26.9,15.8,1025.9,50.2,36.5,,,,,2002-05-05T05:26:57,2002-05-05T20:45:36,0.77,"Rain, Partially cloudy",Partly cloudy throughout the day with morning rain.,rain,"03334099999,03318099999,03344099999,03323399999,03316099999,03321099999"
Manchester,2002-05-06,12.4,7.3,10,12.4,4,8.5,5.3,72.8,0.207,100,4.17,rain,0,0,,23.9,30.1,1025.9,81,20.2,,,,,2002-05-06T05:25:01,2002-05-06T20:47:22,0.8,"Rain, Partially cloudy",Partly cloudy throughout the day with morning rain.,rain,"03334099999,03318099999,03344099999,03323399999,03316099999,03321099999"
Manchester,2002-05-07,13.6,8.1,10.7,13.6,6.1,10,7.2,78.9,0,0,0,,0,0,,22.5,46.7,1023.9,74.1,9.8,,,,,2002-05-07T05:23:08,2002-05-07T20:49:07,0.84,Partially cloudy,Partly cloudy throughout the day.,partly-cloudy-day,"03334099999,03318099999,03344099999,03323399999,03316099999,03321099999"
Manchester,2002-05-08,14.2,7.2,10.8,14.2,5.3,10.3,6.5,75.3,0,0,0,,0,0,,27.4,62.4,1020.7,66.9,9.7,,,,,2002-05-08T05:21:16,2002-05-08T20:50:51,0.87,Partially cloudy,Partly cloudy throughout the day.,partly-cloudy-day,"03334099999,03318099999,03344099999,03323399999,03316099999,03321099999"
Manchester,2002-05-09,15.3,8.5,11.6,15.3,6.4,11.1,7.1,73.8,0,0,0,,0,0,,28.9,33.8,1014.6,85,10.9,,,,,2002-05-09T05:19:25,2002-05-09T20:52:35,0.9,Partially cloudy,Partly cloudy throughout the day.,partly-cloudy-day,"03334099999,03318099999,03344099999,03323399999,03316099999,03321099999"
Manchester,2002-05-10,14.4,9.3,11.6,14.4,8.4,11.5,8.7,82.5,0,0,0,,0,0,,20.4,295.9,1009.5,74.9,8,,,,,2002-05-10T05:17:37,2002-05-10T20:54:18,0.94,Partially cloudy,Partly cloudy throughout the day.,partly-cloudy-day,"03334099999,03318099999,03344099999,03323399999,03316099999,03321099999"
Manchester,2002-05-11,13.5,7.8,10.8,13.5,6.5,10,5.1,69.8,0,0,0,,0,0,,22.3,294.3,1012,50.1,31.6,,,,,2002-05-11T05:15:50,2002-05-11T20:56:00,0.97,Partially cloudy,Clearing in the afternoon.,partly-cloudy-day,"03334099999,03318099999,03344099999,03323399999,03316099999,03321099999"
Manchester,2002-05-12,16.4,4.4,11.1,16.4,4.4,10.9,5.2,69.7,0,0,0,,0,0,,18.2,149.7,1012.5,50.9,25.1,,,,,2002-05-12T05:14:05,2002-05-12T20:57:42,0,Partially cloudy,Becoming cloudy in the afternoon.,partly-cloudy-day,"03334099999,03318099999,03344099999,03323399999,03316099999,03321099999"
Manchester,2002-05-13,14.3,10.1,12.2,14.3,10.1,12.2,9.8,85.6,3.736,100,12.5,rain,0,0,,34.8,151.8,1003,92.7,13.9,,,,,2002-05-13T05:12:22,2002-05-13T20:59:23,0.04,"Rain, Overcast",Cloudy skies throughout the day with rain.,rain,"03334099999,03318099999,03344099999,03323399999,03316099999,03321099999"
Manchester,2002-05-14,14,10.2,12,14,10.2,12,6.7,70.7,0.946,100,12.5,rain,0,0,,34.8,217.3,1005.4,67.4,33.3,,,,,2002-05-14T05:10:41,2002-05-14T21:01:03,0.07,"Rain, Partially cloudy",Partly cloudy throughout the day with rain.,rain,"03334099999,03318099999,03344099999,03323399999,03316099999,03321099999"
Manchester,2002-05-15,16.5,10.3,13.5,16.5,10.3,13.5,9.4,76.2,0.257,100,8.33,rain,0,0,,32.1,207.3,1017.9,81.7,37.1,,,,,2002-05-15T05:09:02,2002-05-15T21:02:42,0.11,"Rain, Partially cloudy",Partly cloudy throughout the day with rain.,rain,"03334099999,03318099999,03344099999,03323399999,03316099999,03321099999"
Manchester,2002-05-16,22.7,9.9,16.8,22.7,9.2,16.8,10.6,68.9,0,0,0,,0,0,,19.4,150,1017.9,56.7,28.9,,,,,2002-05-16T05:07:25,2002-05-16T21:04:20,0.14,Partially cloudy,Clearing in the afternoon.,partly-cloudy-day,"03334099999,03318099999,03344099999,03323399999,03316099999,03321099999"
Manchester,2002-05-17,20.8,11.1,16.9,20.8,11.1,16.9,10.4,66.2,0,0,0,,0,0,,40.1,90.5,1011.6,86,21.7,,,,,2002-05-17T05:05:50,2002-05-17T21:05:57,0.18,Partially cloudy,Partly cloudy throughout the day.,partly-cloudy-day,"03334099999,03318099999,03344099999,03323399999,03316099999,03321099999"
Manchester,2002-05-18,15.2,9.7,11.6,15.2,6.7,11.2,9.3,86.2,8.962,100,12.5,rain,0,0,,26.3,140.1,1010.6,90.1,19.8,,,,,2002-05-18T05:04:17,2002-05-18T21:07:33,0.21,"Rain, Overcast",Cloudy skies throughout the day with a chance of rain throughout the day.,rain,"03334099999,03318099999,03344099999,03323399999,03316099999,03321099999"
Manchester,2002-05-19,17,11.4,14.2,17,11.4,14.2,9.3,72.9,0.026,100,4.17,rain,0,0,,31.3,184,1012.4,81.3,29.7,,,,,2002-05-19T05:02:47,2002-05-19T21:09:07,0.25,"Rain, Partially cloudy",Partly cloudy throughout the day with early morning rain.,rain,"03334099999,03318099999,03344099999,03323399999,03316099999,03321099999"
Manchester,2002-05-20,16.8,12.3,14.3,16.8,12.3,14.3,10.8,80.4,0.353,100,4.17,rain,0,0,,33.6,163.3,1006.1,90.1,17.3,,,,,2002-05-20T05:01:19,2002-05-20T21:10:41,0.29,"Rain, Overcast",Cloudy skies throughout the day with morning rain.,rain,"03334099999,03318099999,03344099999,03323399999,03316099999,03321099999"
Manchester,2002-05-21,16,9.8,13.1,16,8.5,13.1,9.1,77.7,3.657,100,12.5,rain,0,0,,34,160.5,996.3,78.5,26.5,,,,,2002-05-21T04:59:53,2002-05-21T21:12:13,0.32,"Rain, Partially cloudy",Partly cloudy throughout the day with rain.,rain,"03334099999,03318099999,03344099999,03323399999,03316099999,03321099999"
Manchester,2002-05-22,16.3,11.7,14,16.3,11.7,14,9,72.5,3.225,100,8.33,rain,0,0,,41.3,165.3,988.3,69.3,26.1,,,,,2002-05-22T04:58:30,2002-05-22T21:13:43,0.36,"Rain, Partially cloudy",Partly cloudy throughout the day with rain.,rain,"03334099999,03318099999,03344099999,03323399999,03316099999,03321099999"
Manchester,2002-05-23,16.6,11.1,13.5,16.6,11.1,13.5,7.5,68.5,0.512,100,8.33,rain,0,0,,33.7,197.1,998.6,67.8,35.2,,,,,2002-05-23T04:57:09,2002-05-23T21:15:12,0.39,"Rain, Partially cloudy",Partly cloudy throughout the day with rain.,rain,"03334099999,03318099999,03344099999,03323399999,03316099999,03321099999"
Manchester,2002-05-24,15,9.6,12.2,15,5.8,11.7,5.9,66.9,4.662,100,8.33,rain,0,0,,53.1,200.9,995.4,72.4,27.5,,,,,2002-05-24T04:55:51,2002-05-24T21:16:40,0.43,"Rain, Partially cloudy",Partly cloudy throughout the day with rain in the morning and afternoon.,rain,"03334099999,03318099999,03344099999,03323399999,03316099999,03321099999"
Manchester,2002-05-25,14.2,8.5,11.2,14.2,4.7,10.2,5.4,68.3,0.959,100,8.33,rain,0,0,,51.9,206.1,1000.2,72.5,35,,,,,2002-05-25T04:54:36,2002-05-25T21:18:06,0.46,"Rain, Partially cloudy",Partly cloudy throughout the day with rain in the morning and afternoon.,rain,"03334099999,03318099999,03344099999,03323399999,03316099999,03321099999"
Manchester,2002-05-26,11.1,8.6,9.3,11.1,5.6,8,7.3,87.1,4.844,100,16.67,rain,0,0,,29,205.8,997.2,87.5,17.8,,,,,2002-05-26T04:53:23,2002-05-26T21:19:30,0.5,"Rain, Partially cloudy",Partly cloudy throughout the day with a chance of rain throughout the day.,rain,"03334099999,03318099999,03323399999,03344099999,03316099999,03321099999"
Manchester,2002-05-27,13.9,7.2,10.6,13.9,4.4,9.8,7.7,82.5,3.232,100,12.5,rain,0,0,,19.2,193,1000.9,75.8,23.5,,,,,2002-05-27T04:52:13,2002-05-27T21:20:52,0.53,"Rain, Partially cloudy",Partly cloudy throughout the day with rain.,rain,"03334099999,03318099999,03344099999,03323399999,03316099999,03321099999"
Manchester,2002-05-28,14.2,7.5,11,14.2,5.7,10.4,7.9,81.3,4.23,100,12.5,rain,0,0,,30.6,153.2,1000.5,81.6,23.9,,,,,2002-05-28T04:51:05,2002-05-28T21:22:12,0.56,"Rain, Partially cloudy",Partly cloudy throughout the day with rain.,rain,"03334099999,03318099999,03344099999,03323399999,03316099999,03321099999"
Manchester,2002-05-29,14.1,9.9,11.2,14.1,6.6,10.5,7.4,78.8,3.94,100,8.33,rain,0,0,,29.6,223.8,1006.9,76.7,22.8,,,,,2002-05-29T04:50:00,2002-05-29T21:23:31,0.6,"Rain, Partially cloudy",Partly cloudy throughout the day with rain in the morning and afternoon.,rain,"03334099999,03318099999,03344099999,03323399999,03316099999,03321099999"
Manchester,2002-05-30,16.4,9.4,12.2,16.4,6.5,11.6,7,71.9,6.428,100,8.33,rain,0,0,,30.6,213.7,1016.3,67.3,29.4,,,,,2002-05-30T04:48:59,2002-05-30T21:24:47,0.63,"Rain, Partially cloudy",Partly cloudy throughout the day with rain in the morning and afternoon.,rain,"03334099999,03318099999,03344099999,03323399999,03316099999,03321099999"
Manchester,2002-05-31,17,9.1,13,17,7,12.6,6.4,65.8,0.706,100,4.17,rain,0,0,,23.1,262.5,1023.7,62.3,37.9,,,,,2002-05-31T04:48:00,2002-05-31T21:26:01,0.66,"Rain, Partially cloudy",Partly cloudy throughout the day with morning rain.,rain,"03334099999,03318099999,03344099999,03323399999,03316099999,03321099999"